jahr,div_real
1871,6.098058412090854
1872,6.460515538312723
1873,7.707100534165444
1874,8.507424394105072
1875,8.510534384360517
1876,8.281558413185694
1877,7.499533031311883
1878,6.695225849729318
1879,5.8361386381094995
1880,7.252581337039916
1881,8.527325658297919
1882,9.506696425005257
1883,10.46502940188562
1884,11.443751960813502
1885,9.869034943280463
1886,8.717826832712896
1887,8.470766790837148
1888,8.575344158625262
1889,8.54347029605864
1890,8.268277443953409
1891,8.686930830802151
1892,9.000758537622113
1893,10.345302239593467
1894,10.322636322644014
1895,8.750417813815575
1896,8.225553882870727
1897,8.021307623928115
1898,8.38429154545509
1899,7.720190870964074
1900,10.08929792755114
1901,11.54300826996699
1902,11.278947538318855
1903,12.50816659553336
1904,11.507931772328307
1905,11.245060234381723
1906,12.209362536817522
1907,14.29719277039394
1908,13.736285063132403
1909,12.527053101699636
1910,14.672480403411978
1911,15.432798357782223
1912,14.539375952146155
1913,14.246256
1914,13.150164108910893
1915,12.258484506472493
1916,12.803634949712643
1917,13.657355869829685
1918,11.242310606060608
1919,8.610777160493829
1920,7.942634493127149
1921,8.284868087668594
1922,8.55413444280079
1923,8.935362475915221
1924,9.278480394990368
1925,9.568525256052142
1926,10.87836461864407
1927,12.580990366088635
1928,14.116660428849903
1929,15.788910174418609
1930,17.981412448240167
1931,18.16018173515982
1932,14.651047837150127
1933,10.511560416666669
1934,9.8655470460199
1935,9.642317995169082
1936,12.172210297619047
1937,16.145207175925925
1938,14.76918404761905
1939,11.624549166666668
1940,13.69967239952719
1941,13.244167204301078
1942,11.415269230769232
1943,10.163307231800768
1944,10.504612921348315
1945,10.654251282051282
1946,9.467594224806204
1947,9.724118233618235
1948,10.683460477178423
1949,12.921991173697032
1950,15.017928200000002
1951,16.883829339622643
1952,15.923659269662922
1953,15.685739838909543
1954,16.396088951310862
1955,17.59924996890547
1956,19.02475939009662
1957,18.271129870892022
1958,17.955020357554787
1959,18.103943990929707
1960,19.296784815436244
1961,19.38249297222222
1962,20.1932608004386
1963,21.10716529126214
1964,22.77504756944445
1965,24.421975366876314
1966,25.529954711246205
1967,25.440785127826942
1968,25.060535422535214
1969,24.621554840848805
1970,23.65178773031826
1971,22.37411285482563
1972,21.549790019607848
1973,20.819688546176046
1974,20.096225899165063
1975,19.710707672672672
1976,19.412495647193584
1977,20.925542646269456
1978,21.554681191531266
1979,20.8054568013907
1980,20.46282908458865
1981,20.257447721631205
1982,20.65567236168033
1983,20.411508061862456
1984,20.613251598607157
1985,21.05593233455322
1986,21.82554711161388
1987,21.959720262853843
1988,22.826275497925316
1989,24.487910025112345
1990,25.82555360612855
1991,26.210970256224318
1992,25.808510564951842
1993,25.462522690900776
1994,25.502997617457144
1995,25.96248675895766
1996,26.928807250945777
1997,27.99147155920645
1998,28.842185585723005
1999,29.127136759754404
2000,28.23835824712644
2001,26.58771465289568
2002,26.057923452183527
2003,26.543443041237115
2004,29.062347683482226
2005,31.641506050982386
2006,34.677792855963
2007,37.24163921899103
2008,40.246496553741665
2009,34.75589823677504
2010,30.100067288989067
2011,32.269883089912206
2012,37.13285724292722
2013,42.51179447598288
2014,47.417049061234806
2015,52.430685903533806
2016,54.79690461496405
2017,57.07318198566198
2018,60.6845726012639
2019,64.96140614893808
2020,67.3347784907321
2021,62.39397288963842
2022,64.01349635709484
