jahr,maison,etf_thes,etf_aus
2027,29.436475229511984,0.0,0.0
2028,84.55134203856886,0.0,0.0
2029,167.4964838545513,0.0,0.0
2030,293.59255563119365,0.0,0.0
2031,532.4698890127777,0.0,0.0
2032,845.7243044523916,0.0,0.0
2033,1224.3106642670248,42.67969421663338,7.536109685307338
2034,1673.3124098870826,145.0144076475783,65.5173681067638
2035,2198.1664190585766,311.21030934030637,177.450142557866
2036,2804.8302379545767,545.7789959205782,347.09918423930253
2037,3535.755888996415,853.5586775236845,578.5291452237527
2038,4399.783669708359,1239.8013490868022,876.1339309965404
2039,5406.366781782286,1710.146915353995,1244.6321248597421
2040,6565.602336468433,2270.6397645176003,1689.0852040350417
2041,7888.273539097073,2927.756865730776,2214.9212574997073
2042,9385.894534007286,3688.436961059889,2827.9603032222685
2043,11070.75768041834,4560.1126367045235,3534.4411319355095
2044,12955.985036836793,5550.7429085683625,4341.050526558574
