jahr,eingezahlt,gewinn
2027,17244.9375,790.0279269080747
2028,28656.235875000002,2441.2114366870337
2029,40236.00162075,5026.705371645665
2030,51986.7223499235,8561.221658723982
2031,63910.66825222212,13086.87732609667
2032,76009.89358076212,18724.90307051924
2033,88286.83816521583,25579.393557366653
2034,100743.72895218972,33745.623828205265
2035,113382.88157332913,43325.53233607588
2036,126206.70194164905,54426.021754807414
2037,139240.33508170658,67129.5709027506
2038,152489.86689328516,81557.90383630077
2039,165957.85155247216,97841.20710790827
2040,179646.9540105245,116118.57494695205
2041,193559.6519878218,136538.6060474182
2042,207698.53800371045,159260.0391710773
2043,222065.7214428851,184452.42387695206
2044,236664.03065896488,212296.85214675404
2045,251495.5151159341,242986.7360797491
2046,266562.94756812876,276728.6306582599
2047,281868.62627946294,313743.1288031249
2048,297414.9772826011,354265.79233325453
2049,313204.2566787958,398548.1580588465
2050,329239.15297912195,446858.81960968865
2051,345524.289487854,499484.6502953712
2052,362063.8267287432,556732.0880811601
2053,378524.80791496846,618917.9995571733
2054,395239.3384635458,686378.8642298058
2055,412211.80755499745,759485.8381269884
2056,429446.75173909526,838635.3175894837
2057,446948.8575875068,924250.6482434967
2058,464751.29961399786,1016784.8265332249
2059,482863.7459419657,1116722.7913265973
2060,501291.461414837,1224582.5937499965
2061,520040.20759822,1340917.4842175301
2062,539115.6130239038,1466318.2968296995
2063,558523.80949225,1601415.9917226322
2064,578270.8024340264,1746884.3723327708
2065,598362.4743327547,1903442.9635276652
2066,618804.9047086602,2071860.0940324836
2067,639604.690165332,2252956.20833411
2068,660768.3150002239,2447607.3941810243
2069,682302.1548801438,2656749.125763035
2070,704212.7970829023,2881380.2697154507
2071,726507.3608063104,3122567.3830969445
