alter,dividende,rente
67,3617.570854645874,2819.970920487014
68,3617.570854645874,2819.970920487014
69,3617.570854645874,2819.970920487014
70,3617.570854645874,2819.970920487014
71,3617.570854645874,2819.970920487014
72,3617.570854645874,2819.970920487014
73,3617.570854645874,2819.970920487014
74,3617.570854645874,2819.970920487014
75,3617.570854645874,2819.970920487014
76,3617.570854645874,2819.970920487014
77,3617.570854645874,2819.970920487014
78,3617.570854645874,2819.970920487014
79,3617.570854645874,2819.970920487014
80,3617.570854645874,2819.970920487014
81,3617.570854645874,2819.970920487014
82,3617.570854645874,2819.970920487014
83,3617.570854645874,2819.970920487014
84,3617.570854645874,2819.970920487014
85,3617.570854645874,2819.970920487014
86,3617.570854645874,2819.970920487014
87,3617.570854645874,2819.970920487014
88,3617.570854645874,2819.970920487014
89,3617.570854645874,2819.970920487014
90,3617.570854645874,2819.970920487014
