jahr,q10,q20,q30,q50,ziel_kapital
2027,10296.07942138217,14165.522424145132,18034.965426908075,25773.85143243398,2974126.330147559
2028,14954.896100739435,23026.17170621326,31097.447311687036,47239.998522634625,2974126.330147559
2029,20002.976825137473,32632.84190876661,45262.706992395666,70433.69464525743,2974126.330147559
2030,25468.867079055468,43040.310761747256,60547.94400864748,95444.52742786158,2974126.330147559
2031,31383.068771656508,54253.45651050203,76997.5455783188,122460.49891511071,2974126.330147559
2032,37778.18002253169,66316.87703667537,94734.79665128136,151622.05911790495,2974126.330147559
2033,44666.729966856845,79286.84789345879,113866.23172258248,183079.91495860773,2974126.330147559
2034,52068.40898910236,93266.0006132552,134489.35278039498,216959.81539163497,2974126.330147559
2035,60008.13533755507,108324.84354265968,156708.413909405,253415.19739701986,2974126.330147559
2036,68521.8352952303,124538.76385640669,180632.72369645647,292622.80277959426,2974126.330147559
2037,77681.13848483817,142003.93711216204,206369.90598445717,334810.2986356553,2974126.330147559
2038,87540.01984636608,160810.0010534657,234047.77072958593,380187.8664679032,2974126.330147559
2039,98147.13546299443,181032.94836227724,263799.0586603804,428973.7171280079,2974126.330147559
2040,109554.50375891739,202757.27841059814,295765.52895747655,481400.89095516136,2974126.330147559
2041,121817.63284046901,226085.38059326733,330098.25803524,537717.7422351722,2974126.330147559
2042,134995.86288671475,251126.59230886772,366958.57717478776,598189.4875055075,2974126.330147559
2043,149152.4224784191,277997.25497321814,406518.14531983715,663098.3114977342,2974126.330147559
2044,164337.83723098112,306822.0111573671,448960.8828057189,732746.5736028735,2974126.330147559
2045,180616.343950005,337733.3329999807,494482.2511956832,807455.5900804768,2974126.330147559
2046,198062.24355601703,370873.0812647903,543291.5782263887,887569.4902737804,2974126.330147559
2047,216754.6604233027,406392.31322829984,595611.7550825878,973454.6921185617,2974126.330147559
2048,236778.07376198756,444452.31518208067,651680.7696158557,1065502.4362193379,2974126.330147559
2049,258222.5754231612,485225.0857470662,711752.4147376423,1164129.9437866092,2974126.330147559
2050,281184.45441968174,528894.4704481171,776097.9725888106,1269783.1993425754,2974126.330147559
2051,305767.1300266407,575657.9911305679,845008.9397832252,1382941.4669219167,2974126.330147559
2052,332080.80726107175,625726.1176618016,918795.9148099032,1504115.4081322767,2974126.330147559
2053,360127.2414788478,679091.7552270931,997442.8074721418,1633270.7350881489,2974126.330147559
2054,390136.88965137,736204.5021670193,1081618.2026933515,1771513.7853095331,2974126.330147559
2055,422243.0374469217,797318.8564162769,1171697.645681986,1919461.963439403,2974126.330147559
2056,456587.9758770416,862706.5178618841,1268082.069328579,2077774.4177594343,2974126.330147559
2057,493323.6083184809,932657.5480254659,1371199.5058310034,2247154.854678977,2974126.330147559
2058,532621.8359321649,1007501.0828814397,1481536.1261472227,2428403.2303672824,2974126.330147559
2059,574658.0316423075,1087572.218890754,1599586.5372685632,2622332.8693443723,2974126.330147559
2060,619617.8421360904,1173225.5509077006,1725874.0551648336,2829804.2062647147,2974126.330147559
2061,667699.5642106277,1264839.8543321635,1860957.6918157502,3051736.3813872677,2974126.330147559
2062,719114.7801768525,1362819.2806264926,2005433.9098536032,3289110.1120630307,2974126.330147559
2063,774089.4713344587,1467595.5039049229,2159939.801214882,3542972.9340115944,2974126.330147559
2064,832864.771402654,1579629.1420230353,2325155.174766797,3814442.6204233863,2974126.330147559
2065,895697.9884689082,1699411.708926523,2501805.43786042,4104711.920217897,2974126.330147559
2066,962863.804694074,1827467.9163462026,2690664.998741144,4415054.160068867,2974126.330147559
2067,1034655.556947391,1964358.1307701443,2892560.8984994423,4746829.224376508,2974126.330147559
2068,1111386.2775425152,2110680.3435909105,3108375.709181248,5101488.307240671,2974126.330147559
2069,1193390.0229211748,2267072.7096467717,3339051.2806431786,5480580.07374452,2974126.330147559
2070,1281023.4008394233,2434216.474760411,3585593.066798353,5885757.781270023,2974126.330147559
2071,1374667.200635976,2612839.1008934258,3849074.743903255,6318786.88155034,2974126.330147559
