jahr,p10,p50,p90,seuil_mc,capital_requis
2027,11244.9375,11244.9375,11244.9375,1497797.0952573048,2974126.330147559
2028,21295.59717497024,23749.1542898787,25953.975504219547,1497797.0952573048,2974126.330147559
2029,30972.705984813438,37222.23939948485,42971.633522319244,1497797.0952573048,2974126.330147559
2030,42504.65608306104,52210.84451720728,61438.45887447063,1497797.0952573048,2974126.330147559
2031,53531.73414804372,66873.65501259551,83239.06499140008,1497797.0952573048,2974126.330147559
2032,63428.100353665584,84592.59192085586,109033.07167316646,1497797.0952573048,2974126.330147559
2033,74758.66285032201,103108.04416695655,136308.5614805222,1497797.0952573048,2974126.330147559
2034,88798.43798348459,122686.38826117791,168173.58231242734,1497797.0952573048,2974126.330147559
2035,101807.28881858372,143448.5851307849,202641.98024770082,1497797.0952573048,2974126.330147559
2036,116071.60022359376,167464.81712274294,241075.69396415682,1497797.0952573048,2974126.330147559
2037,128709.96589749158,192224.2719923514,283374.31326846965,1497797.0952573048,2974126.330147559
2038,142823.41343542672,220265.46570155612,333476.79751177697,1497797.0952573048,2974126.330147559
2039,160736.0665459545,249956.62413048852,379796.88192938606,1497797.0952573048,2974126.330147559
2040,177511.32534448602,278423.94274866325,439084.175097077,1497797.0952573048,2974126.330147559
2041,195531.40629402344,312276.75399287965,499318.37589633814,1497797.0952573048,2974126.330147559
2042,212610.7087743026,345266.9668442615,574421.8059881871,1497797.0952573048,2974126.330147559
2043,231121.57551491732,384926.639568259,653004.5160070251,1497797.0952573048,2974126.330147559
2044,255139.88089302194,428102.9505835278,735409.6539868647,1497797.0952573048,2974126.330147559
2045,275554.9389543591,473920.39862017275,834308.1240331371,1497797.0952573048,2974126.330147559
2046,298803.10111121536,520686.03624092345,933892.3610270983,1497797.0952573048,2974126.330147559
2047,322129.13609881286,571086.5499007127,1053011.7344186814,1497797.0952573048,2974126.330147559
2048,345671.9790939382,626457.5475190957,1174667.0980216465,1497797.0952573048,2974126.330147559
2049,376677.48324168695,687748.1582431567,1311335.0010772126,1497797.0952573048,2974126.330147559
2050,406459.42134811607,752187.3683417938,1440429.1180566745,1497797.0952573048,2974126.330147559
2051,434788.96631356026,820744.4149648324,1595277.287410004,1497797.0952573048,2974126.330147559
2052,462250.048113688,896170.34053222,1799298.0727930747,1497797.0952573048,2974126.330147559
2053,490666.49138586357,970802.9847402689,1947597.1463809342,1497797.0952573048,2974126.330147559
2054,543445.4280336369,1052250.7429297434,2141914.171032883,1497797.0952573048,2974126.330147559
2055,579431.7185971033,1154802.7826619404,2347597.5371907046,1497797.0952573048,2974126.330147559
2056,617340.8900170627,1237473.8826764522,2577928.8602813343,1497797.0952573048,2974126.330147559
2057,651539.0826114824,1340452.7687161285,2880288.807940212,1497797.0952573048,2974126.330147559
2058,687784.6568452441,1421523.9436141425,3149265.470920722,1497797.0952573048,2974126.330147559
2059,741164.4855563706,1529231.5431223316,3407499.878933411,1497797.0952573048,2974126.330147559
2060,796083.1667248363,1632019.1762110088,3781909.675006238,1497797.0952573048,2974126.330147559
2061,835246.1150851456,1761917.907185947,4078107.0701683736,1497797.0952573048,2974126.330147559
2062,885595.4789869918,1883846.3679035245,4530154.920028475,1497797.0952573048,2974126.330147559
2063,931837.9917983137,2021568.6645586817,4945518.74927933,1497797.0952573048,2974126.330147559
2064,975284.336013484,2166732.003366662,5380504.52739288,1497797.0952573048,2974126.330147559
2065,1033561.1858442648,2347097.01250674,5907713.204660385,1497797.0952573048,2974126.330147559
2066,1103008.3829671603,2515168.5874626487,6444133.5823222045,1497797.0952573048,2974126.330147559
2067,1137996.6541693956,2681494.267297673,7012041.845669977,1497797.0952573048,2974126.330147559
2068,1217799.023640109,2869854.8570381636,7563578.363245333,1497797.0952573048,2974126.330147559
2069,1268409.8210861827,3092238.8247959646,8336559.222576009,1497797.0952573048,2974126.330147559
2070,1332660.2946206068,3294852.6391262524,8985421.870633489,1497797.0952573048,2974126.330147559
2071,1418494.561490738,3536450.5096936794,9747858.350000009,1497797.0952573048,2974126.330147559
2072,1464247.8167421892,3770132.1223003264,10715541.311522612,1497797.0952573048,2974126.330147559
2073,1540125.1652815375,4023645.346260585,11599215.394211652,1497797.0952573048,2974126.330147559
2074,1612504.6913221206,4327187.800685018,12827308.822585836,1497797.0952573048,2974126.330147559
2075,1704472.1308653287,4593304.632859309,13628153.632127501,1497797.0952573048,2974126.330147559
2076,1742034.4473702814,4922836.176024124,14862403.01544648,1497797.0952573048,2974126.330147559
2077,1804130.3338784715,5219123.73736768,16152075.120302863,1497797.0952573048,2974126.330147559
2078,1885861.898157234,5633378.2114285175,17296218.70364491,1497797.0952573048,2974126.330147559
2079,2011510.3361482706,5975713.140056888,18914338.059739076,1497797.0952573048,2974126.330147559
2080,2088215.6332730178,6403938.1871676035,20646812.185516663,1497797.0952573048,2974126.330147559
2081,2161541.3574489686,6880322.95208526,22568421.86663766,1497797.0952573048,2974126.330147559
2082,2265242.766374859,7476455.870359778,24566254.278259944,1497797.0952573048,2974126.330147559
2083,2363616.039335632,7906800.888275946,26738997.378606718,1497797.0952573048,2974126.330147559
2084,2519829.2845546324,8383927.273315584,29476926.206879087,1497797.0952573048,2974126.330147559
2085,2632526.273645828,9117315.320897335,31839833.774449993,1497797.0952573048,2974126.330147559
2086,2804943.301420069,9706727.166383512,34036008.67231602,1497797.0952573048,2974126.330147559
