start,fin_dreissig,ans_dreissig,fin_vierzig,ans_vierzig
1872,6.4571591623811715,30,9.673803563611429,40.0
1873,5.676159157256823,30,8.678988725857335,40.0
1874,5.5793918340149675,30,8.332912623858522,40.0
1875,5.676436257356914,30,6.471837632282833,40.0
1876,6.257354920077194,30,7.857426357553151,40.0
1877,7.993040741001196,30,9.70280267845568,40.0
1878,5.288152737689825,30,5.655742390308658,40.0
1879,5.06873515782124,30,3.9571733699915885,40.0
1880,3.857848803898737,30,2.8307673391382804,40.0
1881,2.5302231905897274,30,1.389275940134107,40.0
1882,2.9009961214123114,30,1.89503083378693,40.0
1883,2.865522144317003,30,2.3900608642261743,40.0
1884,2.447343831739057,30,2.3218228172922504,40.0
1885,2.6603345300326433,30,3.3792819563993866,40.0
1886,2.2362308263991855,30,2.413446495190318,40.0
1887,1.5115061569227248,30,1.7059956455551957,40.0
1888,1.3070301239982762,30,3.603716555920534,40.0
1889,1.3826182808827778,30,5.254435927266118,40.0
1890,1.1189021202866416,30,3.7391394092146633,40.0
1891,1.2281177490901123,30,4.693033502499496,40.0
1892,0.9185792243022027,30,1.6700039090842587,40.0
1893,1.1210423965598388,30,1.5731655857112454,40.0
1894,1.5265613051624465,30,3.493499730646276,40.0
1895,1.6306083398971518,30,2.840525853726213,40.0
1896,2.06775583552374,30,4.183423185921855,40.0
1897,2.3660672637571896,30,5.629338751194275,40.0
1898,2.432170320443804,30,2.730803970898477,40.0
1899,2.121079681000656,30,1.9323745263096503,40.0
1900,2.7033182641723186,30,2.823310477345485,40.0
1901,1.2963403551584847,30,1.2624922823894928,40.0
1902,0.5462931285337107,30,0.5103352600107407,40.0
1903,0.6617298061890267,30,0.7987648876889253,40.0
1904,1.5614504870654824,30,1.8525127502178713,40.0
1905,0.7245005218821706,30,0.7874998292083423,40.0
1906,0.31807870010262074,30,0.0,38.0
1907,0.5298019834913636,30,0.03886102824062395,40.0
1908,1.9584652795790611,30,2.3159398583058426,40.0
1909,0.7719963352870833,30,0.44190594503470304,40.0
1910,0.6022017003109286,30,0.2787980436834014,40.0
1911,0.6724449429276462,30,0.5938145133462226,40.0
1912,0.39976901757986116,30,0.3478782944380496,40.0
1913,0.49030547451945017,30,0.6716504910113026,40.0
1914,1.2590332489801102,30,2.3019305521874545,40.0
1915,1.861141490330713,30,4.652382221786349,40.0
1916,0.9229933383809134,30,1.62181645792836,40.0
1917,1.01705234027384,30,2.9687657901684195,40.0
1918,3.53842737422832,30,12.108913265666818,40.0
1919,3.6337993629127294,30,16.266970088907975,40.0
1920,4.210212825145631,30,17.993127375385914,40.0
1921,7.647269141037256,30,27.35724458590942,40.0
1922,6.596724203253111,30,25.408127074911473,40.0
1923,5.2987740373230405,30,15.455359595845716,40.0
1924,5.555693632404641,30,19.561936521244657,40.0
1925,5.911296059992674,30,16.115479730810208,40.0
1926,5.564284928487396,30,12.346916405494326,40.0
1927,4.6012688776429975,30,8.697478053124927,40.0
1928,1.777463667819688,30,4.134099315745707,40.0
1929,0.11244880521857678,30,0.0,33.0
1930,0.7051861545924244,30,0.6677510925842877,40.0
1931,2.605372242284951,30,3.753727946462363,40.0
1932,9.863431036955975,30,13.096273693148808,40.0
1933,9.615944713581662,30,16.936013716315962,40.0
1934,5.585852913982375,30,6.112395143710958,40.0
1935,7.624844436439295,30,4.847078000366419,40.0
1936,4.04272863437144,30,2.8213366899696286,40.0
1937,1.3035462879957163,30,0.9390177257225755,40.0
1938,6.437226009654988,30,4.606440512945513,40.0
1939,4.568005211574098,30,2.811607789479881,40.0
1940,4.001380866344768,30,3.0784109240685207,40.0
1941,5.342814685130949,30,5.035354554060321,40.0
1942,8.993361809676186,30,7.113780346165906,40.0
1943,10.169717763811077,30,7.755556307008903,40.0
1944,5.9349501577717625,30,6.846077495914012,40.0
1945,3.2098484605824606,30,5.522893949307643,40.0
1946,2.5017202345239498,30,3.9819955287265496,40.0
1947,5.007115931568025,30,8.974422565460799,40.0
1948,4.965045317778981,30,9.858800078638492,40.0
1949,4.8946838906668635,30,11.223190159531915,40.0
1950,4.196872414127487,30,11.4017459462897,40.0
1951,3.8578903069595065,30,8.307532487374564,40.0
1952,2.7660945646848543,30,7.766747073606627,40.0
1953,2.5723381134737897,30,7.0560382842173714,40.0
1954,3.2077404132597866,30,8.07015299962291,40.0
1955,1.675496411135963,30,3.8346377765634703,40.0
1956,1.0971142612136664,30,2.3651802900674843,40.0
1957,1.3331033983165854,30,2.8801045645285486,40.0
1958,1.9215807658073663,30,6.204942638974843,40.0
1959,1.055141814997591,30,3.2212251395900444,40.0
1960,0.9572880732088714,30,2.59515089566094,40.0
1961,1.067813168176737,30,3.187242858280089,40.0
1962,0.37661008860198125,30,0.37073519135587957,40.0
1963,1.024616269654443,30,1.5121624570665857,40.0
1964,0.45187094379969983,30,0.45975348538800614,40.0
1965,0.04306714758928478,30,0.0,31.0
1966,0.0,25,0.0,25.0
1967,0.49243648930435063,30,0.3630428830851742,40.0
1968,0.0,27,0.0,27.0
1969,0.0,22,0.0,22.0
1970,1.1505952307583993,30,0.4650486698339539,40.0
1971,1.6502236877429781,30,1.044099492223927,40.0
1972,0.984110485724255,30,0.5856644117409795,40.0
1973,0.12535006736893803,30,0.0,33.0
1974,2.052679830131619,30,2.7075981655756025,40.0
1975,6.631302529075672,30,10.574233748726625,40.0
1976,4.501633838438929,30,6.8268941269466765,40.0
1977,3.844292873472033,30,5.592355299464296,40.0
1978,5.580501637981189,30,9.758832542845528,40.0
1979,3.7388256421883836,30,10.407527364600275,40.0
1980,4.677674758903346,30,12.815631358028268,40.0
1981,4.375813841255309,30,12.406726596151408,40.0
1982,5.5361651655172155,30,19.299926200544373,40.0
1983,5.488872474673203,30,13.320174327347438,40.0
1984,5.638513376880182,30,,
1985,6.809845727251376,30,,
1986,5.019779039185518,30,,
1987,4.062489828811679,30,,
1988,5.500026822995889,30,,
1989,4.527845117734959,30,,
1990,3.9728536797173724,30,,
1991,5.785106567685494,30,,
1992,5.466214875559641,30,,
1993,3.7731987208676556,30,,
