jahr,brutto,netto
2027,59250.0,37483.125
2028,60316.5,38037.661250000005
2029,61402.197,38599.2191525
2030,62507.436546000004,39169.069097245
2031,63632.570403828,39746.48634099541
2032,64777.95667109691,40330.75109513333
2033,65943.95989117665,40923.14861484573
2034,67130.95116921783,41522.96928991296
2035,68339.30829026375,42130.508737131386
2036,69569.4158394885,42746.067894399755
2037,70821.66532459931,43445.44380019178
2038,72096.45530044209,44165.10603859523
2039,73394.19149585006,44893.282197289955
2040,74715.28694277535,45630.34152684116
2041,76060.1621077453,46375.659924324296
2042,77429.24502568472,47129.62005296214
2043,78822.97143614705,47890.61146391547
2044,80241.7849219977,48661.030720265946
2045,81686.13705059366,49438.28152323073
2046,83156.48751750434,50224.77484064888
2047,84653.30429281943,51018.929037780574
2048,86177.06377009017,51821.17001046061
2049,87728.25091795181,52630.93132064892
2050,89307.35943447493,53449.654334420586
2051,90914.89190429548,54283.78836244016
2052,92551.35995857281,55131.7908029641
2053,94217.28443782713,54869.937287417444
2054,95913.19555770801,55715.10182859095
2055,97639.63307774675,56574.8969715056
2056,99397.1464731462,57449.8139469927
2057,101186.29510966282,58340.35282803857
2058,103007.64842163677,59341.47342163676
2059,104861.78609322621,60374.8210932262
2060,106749.29824290429,61425.71824290428
2061,108670.78561127657,62495.82061127658
2062,110626.85975227956,63584.684752279565
2063,112618.14322782059,64693.988227820584
2064,114645.26980592136,65823.30980592137
2065,116708.88466242794,66972.23966242795
2066,118809.64458635167,68141.43458635168
2067,120948.21818890599,69332.61818890598
2068,123125.28611630629,70545.4161163063
2069,125341.54126639981,71779.46626639982
2070,127597.689009195,73035.474009195
2071,129894.44741136052,74315.21241136051
