n,risiko
1,0.22208423913108527
2,0.184230407096909
3,0.17016065338029218
4,0.1624611647405503
5,0.15710392724261965
6,0.1533013679371513
7,0.1515071082161328
8,0.14913535262570032
9,0.14776980759431044
10,0.14667226117371257
11,0.14604433406620576
12,0.1448574518999012
13,0.1445300170407951
14,0.14360343378058193
15,0.14335567425582627
16,0.1427778468434958
17,0.14245736793509386
18,0.1420125274337496
19,0.14166041742524993
20,0.14144520546976608
21,0.14114580319141676
22,0.1407997680739464
23,0.140627447572359
