start,jahre_bis_ziel,ueberlebt,ans_tenu,ans_echec,ans_non_juge,ueberlebt_disp
1871,30.0,False,,30.0,,False
1872,30.0,False,,30.0,,False
1873,32.0,False,,32.0,,False
1874,31.0,False,,31.0,,False
1875,31.0,False,,31.0,,False
1876,30.0,False,,30.0,,False
1877,33.0,False,,33.0,,False
1878,34.0,False,,34.0,,False
1879,37.0,False,,37.0,,False
1880,36.0,False,,36.0,,False
1881,42.0,True,42.0,,,True
1882,43.0,True,43.0,,,True
1883,42.0,True,42.0,,,True
1884,41.0,True,41.0,,,True
1885,41.0,True,41.0,,,True
1886,40.0,True,40.0,,,True
1887,39.0,True,39.0,,,True
1888,38.0,True,38.0,,,True
1889,38.0,True,38.0,,,True
1890,37.0,True,37.0,,,True
1891,37.0,False,,37.0,,False
1892,36.0,False,,36.0,,False
1893,35.0,False,,35.0,,False
1894,34.0,False,,34.0,,False
1895,33.0,False,,33.0,,False
1896,33.0,False,,33.0,,False
1897,32.0,False,,32.0,,False
1898,31.0,False,,31.0,,False
1899,30.0,False,,30.0,,False
1900,29.0,False,,29.0,,False
1901,35.0,True,35.0,,,True
1902,34.0,True,34.0,,,True
1903,33.0,True,33.0,,,True
1904,33.0,False,,33.0,,False
1905,32.0,False,,32.0,,False
1906,31.0,False,,31.0,,False
1907,30.0,False,,30.0,,False
1908,29.0,False,,29.0,,False
1909,28.0,False,,28.0,,False
1910,35.0,True,35.0,,,True
1911,35.0,True,35.0,,,True
1912,34.0,True,34.0,,,True
1913,33.0,True,33.0,,,True
1914,32.0,True,32.0,,,True
1915,31.0,True,31.0,,,True
1916,35.0,True,35.0,,,True
1917,34.0,True,34.0,,,True
1918,33.0,True,33.0,,,True
1919,33.0,True,33.0,,,True
1920,32.0,True,32.0,,,True
1921,32.0,True,32.0,,,True
1922,33.0,True,33.0,,,True
1923,32.0,True,32.0,,,True
1924,31.0,True,31.0,,,True
1925,30.0,True,30.0,,,True
1926,30.0,True,30.0,,,True
1927,29.0,True,29.0,,,True
1928,28.0,True,28.0,,,True
1929,27.0,True,27.0,,,True
1930,26.0,True,26.0,,,True
1931,26.0,True,26.0,,,True
1932,27.0,True,27.0,,,True
1933,26.0,True,26.0,,,True
1934,26.0,True,26.0,,,True
1935,27.0,True,27.0,,,True
1936,26.0,True,26.0,,,True
1937,25.0,True,25.0,,,True
1938,24.0,True,24.0,,,True
1939,25.0,True,25.0,,,True
1940,25.0,True,25.0,,,True
1941,24.0,True,24.0,,,True
1942,26.0,False,,26.0,,False
1943,26.0,False,,26.0,,False
1944,29.0,True,29.0,,,True
1945,39.0,,,,39.0,None
1946,39.0,,,,39.0,None
1947,39.0,,,,39.0,None
1948,38.0,,,,38.0,None
1949,38.0,,,,38.0,None
1950,37.0,,,,37.0,None
1951,38.0,,,,38.0,None
1952,38.0,,,,38.0,None
1953,37.0,,,,37.0,None
1954,36.0,,,,36.0,None
1955,37.0,,,,37.0,None
1956,37.0,,,,37.0,None
1957,36.0,,,,36.0,None
1958,36.0,,,,36.0,None
1959,35.0,,,,35.0,None
1960,36.0,,,,36.0,None
1961,35.0,,,,35.0,None
1962,34.0,,,,34.0,None
1963,33.0,,,,33.0,None
1964,32.0,,,,32.0,None
1965,32.0,,,,32.0,None
1966,31.0,,,,31.0,None
1967,30.0,,,,30.0,None
1968,29.0,,,,29.0,None
1969,29.0,,,,29.0,None
1970,28.0,,,,28.0,None
1971,27.0,,,,27.0,None
1972,26.0,,,,26.0,None
1973,25.0,,,,25.0,None
1974,25.0,,,,25.0,None
1975,24.0,,,,24.0,None
1976,24.0,,,,24.0,None
1977,23.0,,,,23.0,None
1978,29.0,,,,29.0,None
1979,34.0,,,,34.0,None
1980,34.0,,,,34.0,None
1981,33.0,,,,33.0,None
1982,33.0,,,,33.0,None
1983,32.0,,,,32.0,None
1984,33.0,,,,33.0,None
1985,33.0,,,,33.0,None
1986,32.0,,,,32.0,None
1987,33.0,,,,33.0,None
1988,32.0,,,,32.0,None
1989,32.0,,,,32.0,None
1990,31.0,,,,31.0,None
1991,31.0,,,,31.0,None
1992,30.0,,,,30.0,None
1993,,,,,,None
1994,,,,,,None
1995,,,,,,None
1996,,,,,,None
1997,,,,,,None
1998,,,,,,None
1999,,,,,,None
2000,,,,,,None
2001,,,,,,None
2002,,,,,,None
2003,,,,,,None
2004,,,,,,None
2005,,,,,,None
2006,,,,,,None
2007,,,,,,None
2008,,,,,,None
2009,,,,,,None
2010,,,,,,None
2011,,,,,,None
2012,,,,,,None
2013,,,,,,None
2014,,,,,,None
2015,,,,,,None
2016,,,,,,None
2017,,,,,,None
2018,,,,,,None
2019,,,,,,None
2020,,,,,,None
2021,,,,,,None
2022,,,,,,None
