jahr,inflation_1,inflation_2,inflation_3
2026,3500.0,3500.0,3500.0
2027,3535.0,3570.0,3605.0
2028,3570.35,3641.4,3713.1499999999996
2029,3606.0535000000004,3714.2280000000005,3824.5445
2030,3642.114035,3788.51256,3939.2808350000005
2031,3678.5351753500004,3864.2828112,4057.45926005
2032,3715.3205271035004,3941.568467424,4179.183037851501
2033,3752.4737323745353,4020.3998367724803,4304.558528987046
2034,3789.9984696982806,4100.80783350793,4433.695284856657
2035,3827.898454395263,4182.823990178089,4566.706143402357
2036,3866.177438939216,4266.4804699816505,4703.707327704427
2037,3904.839213328608,4351.810079381284,4844.81854753556
2038,3943.887605461894,4438.846280968909,4990.163103961628
2039,3983.3264815165135,4527.623206588288,5139.867997080477
2040,4023.159746331679,4618.175670720053,5294.0640369928915
2041,4063.3913437949955,4710.539184134454,5452.885958102678
2042,4104.0252572329455,4804.749967817143,5616.472536845758
2043,4145.065509805275,4900.844967173487,5784.966712951132
2044,4186.516164903328,4998.861866516957,5958.515714339666
2045,4228.38132655236,5098.8391038472955,6137.271185769856
2046,4270.665139817885,5200.815885924242,6321.389321342952
2047,4313.371791216064,5304.832203642726,6511.03100098324
2048,4356.505509128224,5410.9288477155815,6706.361931012738
2049,4400.070564219506,5519.147424669894,6907.5527889431205
2050,4444.071269861702,5629.530373163291,7114.779372611414
2051,4488.511982560319,5742.120980626557,7328.222753789756
2052,4533.397102385922,5856.9634002390885,7548.06943640345
2053,4578.731073409782,5974.1026682438705,7774.511519495553
2054,4624.518384143878,6093.584721608749,8007.74686508042
2055,4670.763567985318,6215.456416040923,8247.979271032833
2056,4717.471203665171,6339.765544361741,8495.418649163817
2057,4764.645915701823,6466.560855248977,8750.281208638731
2058,4812.292374858841,6595.892072353956,9012.789644897895
2059,4860.41529860743,6727.809913801036,9283.173334244831
2060,4909.019451593504,6862.366112077056,9561.668534272176
