ticker,name,land,sektor,rendite_ttm,rendite_netto_de,div_cagr_10j,kuerzungen_10j,payout,fcf_deckung,score
SGO.PA,SAINT GOBAIN,FR,Industrials,0.032951287957602424,0.024492362826006305,0.1350189151566168,0,0.4267,2.761347836836682,0.88
OR.PA,L'OREAL,FR,Consumer Defensive,0.037294812869336835,0.027720861457649376,0.09995122466160677,0,0.6112,1.66917033933056,0.84
ALV.DE,Allianz SE                    v,DE,Financial Services,0.04044465585077857,0.029777377870135725,0.08438378516629275,0,0.5608,1.4350013259137409,0.78
BNR.DE,Brenntag SE                   N,DE,Basic Materials,0.03205128271128713,0.023597756896185148,0.08842291989017026,0,0.754,1.3675026362234621,0.71
DHL.DE,DHL AG                        N,DE,Industrials,0.03335674210918205,0.024558901377885283,0.08087452285901664,0,0.5793,2.5512422580924365,0.68
FRE.DE,Fresenius SE & Co. KGaA       N,DE,Healthcare,0.023755655698549163,0.017490101508056823,0.10573863617865209,0,0.3791,2.891659689498516,0.66
MKC,"McCormick & Company, Incorporat",US,Consumer Defensive,0.03904958554576572,0.023214978606957724,0.0842497934787172,0,0.3095,1.463808284670999,0.64
LOW,"Lowe's Companies, Inc.",US,Consumer Cyclical,0.025899819194018774,0.015397442510844161,0.1650639615655971,0,0.41,1.6452515058091046,0.64
ADP,"Automatic Data Processing, Inc.",US,Technology,0.025974027185125138,0.015441559161556895,0.1219376136643131,0,0.6069,1.9458264989615666,0.6
G1A.DE,GEA Group AG                  I,DE,Industrials,0.03670411985018727,0.027023408239700376,0.05089658325849622,0,0.48509997,1.3643121939135423,0.58
AOS,A.O. Smith Corporation,US,Industrials,0.024819027725590324,0.01475491198286345,0.1376522994911329,0,0.3955,3.0581098279022916,0.58
SYY,Sysco Corporation,US,Consumer Defensive,0.027646834744043964,0.01643604325533414,0.08842291989017026,0,0.59290004,1.8141316564679137,0.53
MCD,McDonald's Corporation,US,Consumer Cyclical,0.031797590118189424,0.01890366732526361,0.076207641315575,0,0.5971,1.1463268117648495,0.52
ITW,Illinois Tool Works Inc.,US,Industrials,0.024113527627166096,0.014335492174350246,0.11630277390717514,0,0.5833,1.2416914031878756,0.48
TGT,Target Corporation,US,Consumer Defensive,0.02927827280215096,0.017405933180878748,0.07663493631229512,0,0.473,1.6286255397216656,0.48
CVX,Chevron Corporation,US,Energy,0.03449456811610477,0.020507020745024286,0.04799988084788254,0,0.6718,1.5704592444035743,0.44
AFL,AFLAC Incorporated,US,Financial Services,0.021203588970175415,0.012605533642769286,0.11374582580318315,0,0.2567,4.211840106888326,0.42
ABT,Abbott Laboratories,US,Healthcare,0.024566617879855056,0.01460485432957383,0.09411778348746647,0,0.7896,1.64240568992777,0.42
HEN3.DE,Henkel AG & Co. KGaA          I,DE,Consumer Defensive,0.028041181367617032,0.02064531978190804,0.04528781344912325,0,0.4404,4.471935914773865,0.42
PPG,"PPG Industries, Inc.",US,Basic Materials,0.0270703649393833,0.016093331956463373,0.06986464413203963,0,0.4075,1.678741024425235,0.38
IBM,International Business Machines,US,Technology,0.030637755496621587,0.01821414564274153,0.03449505139394149,0,0.5977,1.8919884654848107,0.34
BDX,"Becton, Dickinson and Company",US,Healthcare,0.021846853730458193,0.012987954542757394,0.05679924235175737,0,0.7249,3.9145793443455443,0.18
XOM,ExxonMobil Holdings Corporation,US,Energy,0.025534551249764285,0.015180290717984865,0.03339593856643441,0,0.5251,1.2201703728876925,0.14
