horizon,type,entreprise,identifiant,magazine,date,page,note,cours,objectif,stop,risque,horizon_verbatim,raison,citation,controle,ticker,date_entree
long,sélection annuelle,Air Liquide,FR 000 012007 3,Capital 10/2026,2026-10,85,"50 Aktien fürs Leben, rang 01",,,,,Aktien fürs Leben,"Valeur de qualité retenue pour la durée (Industriegase, Frankreich) : rendement du dividende 2,0 %, taux de distribution 61 %, PER 26,0, rendement total 10,6 % par an sur 25 ans.",,ok,AI.PA,2026-09-14
long,sélection annuelle,Assa Abloy,SE 000 710058 1,Capital 10/2026,2026-10,85,"50 Aktien fürs Leben, rang 02",,,,,Aktien fürs Leben,"Valeur de qualité retenue pour la durée (Baumaterialien, Schweden) : rendement du dividende 1,8 %, taux de distribution 48 %, PER 22,6, rendement total 10,6 % par an sur 25 ans.",,ok,ASSA-B.ST,2026-09-14
long,sélection annuelle,Atmos Energy,US 049 560105 8,Capital 10/2026,2026-10,85,"50 Aktien fürs Leben, rang 03",,,,,Aktien fürs Leben,"Valeur de qualité retenue pour la durée (Gasversorger, USA) : rendement du dividende 2,5 %, taux de distribution 46 %, PER 20,0, rendement total 12,3 % par an sur 25 ans.",,ok,ATO,2026-09-14
long,sélection annuelle,BAE Systems,GB 000 263494 6,Capital 10/2026,2026-10,85,"50 Aktien fürs Leben, rang 04",,,,,Aktien fürs Leben,"Valeur de qualité retenue pour la durée (Luftfahrt/Rüstung, Großbritannien) : rendement du dividende 1,8 %, taux de distribution 53 %, PER 25,0, rendement total 11,8 % par an sur 25 ans.",,ok,BA.L,2026-09-14
long,mise à jour,BE Semiconductor,GD50,Börse Online 27/2026,2026-06-26,60,K AUFEN,"303,00 €","365,00 €","258,00 €",Hoch,langfristig,La société améliore ses objectifs à long terme grâce aux perspectives de croissance dans les applications IA et l'hybrid bonding.,Angesichts der Wachstumsaussichten ist die Aktie trotz des starken Kursverlaufs weiter kaufenswert.,ok,BESI.AS,2026-06-26
long,sélection annuelle,Canadian National Railway,CA 136 375102 7,Capital 10/2026,2026-10,85,"50 Aktien fürs Leben, rang 05",,,,,Aktien fürs Leben,"Valeur de qualité retenue pour la durée (Schienenverkehr, Kanada) : rendement du dividende 2,2 %, taux de distribution 47 %, PER 21,9, rendement total 13,5 % par an sur 25 ans.",,ok,CNR.TO,2026-09-14
long,sélection annuelle,Canon,JP 324 280000 5,Capital 10/2026,2026-10,85,"50 Aktien fürs Leben, rang 06",,,,,Aktien fürs Leben,"Valeur de qualité retenue pour la durée (Hardware, Japan) : rendement du dividende 3,6 %, taux de distribution 43 %, PER 12,3, rendement total 6,1 % par an sur 25 ans.",,ok,7751.T,2026-09-14
long,sélection annuelle,Cincinnati Financial,US 172 062101 0,Capital 10/2026,2026-10,85,"50 Aktien fürs Leben, rang 07",,,,,Aktien fürs Leben,"Valeur de qualité retenue pour la durée (Sachversicherung, USA) : rendement du dividende 2,2 %, taux de distribution 23 %, PER 20,5, rendement total 9,9 % par an sur 25 ans.",,ok,CINF,2026-09-14
long,sélection annuelle,Consolidated Edison,US 209 115104 1,Capital 10/2026,2026-10,85,"50 Aktien fürs Leben, rang 08",,,,,Aktien fürs Leben,"Valeur de qualité retenue pour la durée (Versorger, USA) : rendement du dividende 3,3 %, taux de distribution 60 %, PER 17,7, rendement total 8,5 % par an sur 25 ans.",,ok,ED,2026-09-14
long,sélection annuelle,Cranswick,GB 000 231888 8,Capital 10/2026,2026-10,85,"50 Aktien fürs Leben, rang 09",,,,,Aktien fürs Leben,"Valeur de qualité retenue pour la durée (Lebensmittel, Großbritannien) : rendement du dividende 2,4 %, taux de distribution 39 %, PER 17,1, rendement total 15,3 % par an sur 25 ans.",,ok,CWK.L,2026-09-14
long,sélection annuelle,DTE Energy,US 233 331107 2,Capital 10/2026,2026-10,85,"50 Aktien fürs Leben, rang 10",,,,,Aktien fürs Leben,"Valeur de qualité retenue pour la durée (Versorger, USA) : rendement du dividende 3,5 %, taux de distribution 63 %, PER 17,9, rendement total 10,3 % par an sur 25 ans.",,ok,DTE,2026-09-14
long,sélection annuelle,East Japan Railway,JP 378 360000 4,Capital 10/2026,2026-10,87,"50 Aktien fürs Leben, rang 11",,,,,Aktien fürs Leben,"Valeur de qualité retenue pour la durée (Schienenverkehr, Japan) : rendement du dividende 2,4 %, taux de distribution 34 %, PER 14,9, rendement total 3,3 % par an sur 25 ans.",,ok,9020.T,2026-09-14
long,sélection annuelle,Entergy,US 293 64G103 1,Capital 10/2026,2026-10,87,"50 Aktien fürs Leben, rang 12",,,,,Aktien fürs Leben,"Valeur de qualité retenue pour la durée (Energieversorger, USA) : rendement du dividende 2,5 %, taux de distribution 61 %, PER 24,4, rendement total 11,1 % par an sur 25 ans.",,ok,ETR,2026-09-14
long,sélection annuelle,EOG Resources,US 268 75P101 2,Capital 10/2026,2026-10,87,"50 Aktien fürs Leben, rang 13",,,,,Aktien fürs Leben,"Valeur de qualité retenue pour la durée (Öl-/Gasexploration, USA) : rendement du dividende 3,1 %, taux de distribution 44 %, PER 8,6, rendement total 14,7 % par an sur 25 ans.",,ok,EOG,2026-09-14
long,sélection annuelle,Everest Group,BM G32 23R108 8,Capital 10/2026,2026-10,87,"50 Aktien fürs Leben, rang 14",,,,,Aktien fürs Leben,"Valeur de qualité retenue pour la durée (Rückversicherung, Bermuda) : rendement du dividende 2,2 %, taux de distribution 21 %, PER 7,3, rendement total 9,2 % par an sur 25 ans.",,ok,EG,2026-09-14
long,sélection annuelle,ExxonMobil,US 302 33Q108 5,Capital 10/2026,2026-10,87,"50 Aktien fürs Leben, rang 15",,,,,Aktien fürs Leben,"Valeur de qualité retenue pour la durée (Öl/Gas, USA) : rendement du dividende 2,7 %, taux de distribution 60 %, PER 13,9, rendement total 9,0 % par an sur 25 ans.",,ok,XOM,2026-09-14
long,sélection annuelle,Fresenius,DE 000 FRE5EN 2,Capital 10/2026,2026-10,87,"50 Aktien fürs Leben, rang 16",,,,,Aktien fürs Leben,"Valeur de qualité retenue pour la durée (Gesundheitsdienstleistungen, Deutschland) : rendement du dividende 2,5 %, taux de distribution 37 %, PER 12,3, rendement total 7,5 % par an sur 25 ans.",,ok,FRE.DE,2026-09-14
long,sélection annuelle,Fuchs,DE 000 A3E5D6 4,Capital 10/2026,2026-10,87,"50 Aktien fürs Leben, rang 17",,,,,Aktien fürs Leben,"Valeur de qualité retenue pour la durée (Chemie, Deutschland) : rendement du dividende 3,2 %, taux de distribution 52 %, PER 15,5, rendement total 19,1 % par an sur 25 ans.",,ok,FPE3.DE,2026-09-14
long,sélection annuelle,Halliburton,US 406 216101 7,Capital 10/2026,2026-10,87,"50 Aktien fürs Leben, rang 18",,,,,Aktien fürs Leben,"Valeur de qualité retenue pour la durée (Öl-/Gasausrüstung und -service, USA) : rendement du dividende 2,1 %, taux de distribution 45 %, PER 14,7, rendement total 4,9 % par an sur 25 ans.",,ok,HAL,2026-09-14
long,sélection annuelle,KDDI,JP 349 640000 7,Capital 10/2026,2026-10,87,"50 Aktien fürs Leben, rang 19",,,,,Aktien fürs Leben,"Valeur de qualité retenue pour la durée (Telekommunikation, Japan) : rendement du dividende 2,8 %, taux de distribution 43 %, PER 14,5, rendement total 12,2 % par an sur 25 ans.",,ok,9433.T,2026-09-14
long,sélection annuelle,Kerry Group,IE 000 490656 0,Capital 10/2026,2026-10,87,"50 Aktien fürs Leben, rang 20",,,,,Aktien fürs Leben,"Valeur de qualité retenue pour la durée (Lebensmittel, Irland) : rendement du dividende 1,9 %, taux de distribution 33 %, PER 16,7, rendement total 8,5 % par an sur 25 ans.",,ok,KRZ.IR,2026-09-14
long,sélection annuelle,Kirin Holdings,JP 325 800000 3,Capital 10/2026,2026-10,87,"50 Aktien fürs Leben, rang 21",,,,,Aktien fürs Leben,"Valeur de qualité retenue pour la durée (Brauereien, Japan) : rendement du dividende 2,5 %, taux de distribution 41 %, PER 13,9, rendement total 7,3 % par an sur 25 ans.",,ok,2503.T,2026-09-14
long,sélection annuelle,Lockheed Martin,US 539 830109 4,Capital 10/2026,2026-10,87,"50 Aktien fürs Leben, rang 22",,,,,Aktien fürs Leben,"Valeur de qualité retenue pour la durée (Luftfahrt/Rüstung, USA) : rendement du dividende 2,4 %, taux de distribution 62 %, PER 18,6, rendement total 14,0 % par an sur 25 ans.",,ok,LMT,2026-09-14
long,sélection annuelle,LVMH,FR 000 012101 4,Capital 10/2026,2026-10,87,"50 Aktien fürs Leben, rang 23",,,,,Aktien fürs Leben,"Valeur de qualité retenue pour la durée (Luxusgüter, Frankreich) : rendement du dividende 2,8 %, taux de distribution 59 %, PER 20,2, rendement total 11,4 % par an sur 25 ans.",,ok,MC.PA,2026-09-14
long,sélection annuelle,M&T Bank,US 552 61F104 9,Capital 10/2026,2026-10,87,"50 Aktien fürs Leben, rang 24",,,,,Aktien fürs Leben,"Valeur de qualité retenue pour la durée (Regionalbank, USA) : rendement du dividende 2,4 %, taux de distribution 33 %, PER 12,5, rendement total 7,5 % par an sur 25 ans.",,ok,MTB,2026-09-14
long,sélection annuelle,McCormick & Co.,US 579 780206 4,Capital 10/2026,2026-10,88,"50 Aktien fürs Leben, rang 25",,,,,Aktien fürs Leben,"Valeur de qualité retenue pour la durée (Lebensmittel, USA) : rendement du dividende 3,8 %, taux de distribution 61 %, PER 17,8, rendement total 8,8 % par an sur 25 ans.",,ok,MKC,2026-09-14
long,sélection annuelle,Metlife,US 591 56R108 6,Capital 10/2026,2026-10,88,"50 Aktien fürs Leben, rang 26",,,,,Aktien fürs Leben,"Valeur de qualité retenue pour la durée (Personenversicherung, USA) : rendement du dividende 2,4 %, taux de distribution 48 %, PER 9,7, rendement total 7,9 % par an sur 25 ans.",,ok,MET,2026-09-14
long,sélection annuelle,Metro,CA 591 62N109 6,Capital 10/2026,2026-10,88,"50 Aktien fürs Leben, rang 27",,,,,Aktien fürs Leben,"Valeur de qualité retenue pour la durée (Lebensmittelhandel, Kanada) : rendement du dividende 1,8 %, taux de distribution 32 %, PER 19,8, rendement total 14,3 % par an sur 25 ans.",,ok,MRU.TO,2026-09-14
long,sélection annuelle,Münchener Rück,DE 000 843002 6,Capital 10/2026,2026-10,88,"50 Aktien fürs Leben, rang 28",,,,,Aktien fürs Leben,"Valeur de qualité retenue pour la durée (Rückversicherung, Deutschland) : rendement du dividende 5,0 %, taux de distribution 51 %, PER 10,1, rendement total 5,6 % par an sur 25 ans.",,ok,MUV2.DE,2026-09-14
long,sélection annuelle,Next,GB 003 208986 3,Capital 10/2026,2026-10,88,"50 Aktien fürs Leben, rang 29",,,,,Aktien fürs Leben,"Valeur de qualité retenue pour la durée (Handel/Vertrieb, Großbritannien) : rendement du dividende 1,8 %, taux de distribution 34 %, PER 19,1, rendement total 16,7 % par an sur 25 ans.",,ok,NXT.L,2026-09-14
long,sélection annuelle,NextEra Energy,US 653 39F101 2,Capital 10/2026,2026-10,88,"50 Aktien fürs Leben, rang 30",,,,,Aktien fürs Leben,"Valeur de qualité retenue pour la durée (Energieversorger, USA) : rendement du dividende 3,0 %, taux de distribution 68 %, PER 20,8, rendement total 14,0 % par an sur 25 ans.",,ok,NEE,2026-09-14
long,sélection annuelle,Northrop Grumman,US 666 807102 9,Capital 10/2026,2026-10,88,"50 Aktien fürs Leben, rang 32",,,,,Aktien fürs Leben,"Valeur de qualité retenue pour la durée (Luftfahrt/Rüstung, USA) : rendement du dividende 1,8 %, taux de distribution 31 %, PER 19,0, rendement total 13,7 % par an sur 25 ans.",,ok,NOC,2026-09-14
long,sélection annuelle,Novartis,CH 001 200526 7,Capital 10/2026,2026-10,88,"50 Aktien fürs Leben, rang 33",,,,,Aktien fürs Leben,"Valeur de qualité retenue pour la durée (Pharma, Schweiz) : rendement du dividende 3,0 %, taux de distribution 64 %, PER 18,0, rendement total 7,6 % par an sur 25 ans.",,ok,NOVN.SW,2026-09-14
long,sélection annuelle,NTT,JP 373 540000 8,Capital 10/2026,2026-10,88,"50 Aktien fürs Leben, rang 31",,,,,Aktien fürs Leben,"Valeur de qualité retenue pour la durée (Telekommunikation, Japan) : rendement du dividende 3,4 %, taux de distribution 42 %, PER 13,3, rendement total 7,5 % par an sur 25 ans.",,ok,9432.T,2026-09-14
long,sélection annuelle,Occidental Petroleum,US 674 599105 8,Capital 10/2026,2026-10,88,"50 Aktien fürs Leben, rang 34",,,,,Aktien fürs Leben,"Valeur de qualité retenue pour la durée (Öl/Gas, USA) : rendement du dividende 2,0 %, taux de distribution 69 %, PER 9,5, rendement total 9,0 % par an sur 25 ans.",,ok,OXY,2026-09-14
long,sélection annuelle,Odakyu Electric Railway,JP 319 600000 8,Capital 10/2026,2026-10,88,"50 Aktien fürs Leben, rang 35",,,,,Aktien fürs Leben,"Valeur de qualité retenue pour la durée (Schienenverkehr, Japan) : rendement du dividende 3,5 %, taux de distribution 51 %, PER 15,4, rendement total 3,5 % par an sur 25 ans.",,ok,9007.T,2026-09-14
long,sélection annuelle,Osaka Gas,JP 318 040000 8,Capital 10/2026,2026-10,88,"50 Aktien fürs Leben, rang 36",,,,,Aktien fürs Leben,"Valeur de qualité retenue pour la durée (Gasversorger, Japan) : rendement du dividende 2,4 %, taux de distribution 30 %, PER 15,1, rendement total 7,0 % par an sur 25 ans.",,ok,9532.T,2026-09-14
long,nouvelle,Pernod Ricard,853373,Börse Online 33/2026,2026-08-07,8,K AUFEN Neuempfehlung,"67,84 €","86,00 €",,Hoch,langfristig,"La fusion avec Brown Foreman a échoué. L'analyste Kepler Cheuvreux voit un potentiel jusqu'à 100 euros, soit une prime de 47,4 % par rapport au cours actuel.","Richard Withagen, Analyst bei Kepler Cheuvreux, sieht beispielsweise noch Spielraum bis 100 Euro.",ok,RI.PA,2026-08-07
long,sélection annuelle,PPG Industries,US 693 506107 6,Capital 10/2026,2026-10,88,"50 Aktien fürs Leben, rang 37",,,,,Aktien fürs Leben,"Valeur de qualité retenue pour la durée (Spezialchemie, USA) : rendement du dividende 2,5 %, taux de distribution 40 %, PER 14,5, rendement total 8,4 % par an sur 25 ans.",,ok,PPG,2026-09-14
long,sélection annuelle,Publicis,FR 000 013057 7,Capital 10/2026,2026-10,88,"50 Aktien fürs Leben, rang 38",,,,,Aktien fürs Leben,"Valeur de qualité retenue pour la durée (Werbung, Frankreich) : rendement du dividende 3,8 %, taux de distribution 57 %, PER 13,0, rendement total 8,6 % par an sur 25 ans.",,ok,PUB.PA,2026-09-14
long,sélection annuelle,RPM International,US 749 685103 8,Capital 10/2026,2026-10,91,"50 Aktien fürs Leben, rang 39",,,,,Aktien fürs Leben,"Valeur de qualité retenue pour la durée (Spezialchemie, USA) : rendement du dividende 2,0 %, taux de distribution 41 %, PER 17,9, rendement total 13,0 % par an sur 25 ans.",,ok,RPM,2026-09-14
long,sélection annuelle,Santen,JP 333 600000 9,Capital 10/2026,2026-10,91,"50 Aktien fürs Leben, rang 40",,,,,Aktien fürs Leben,"Valeur de qualité retenue pour la durée (Pharma, Japan) : rendement du dividende 2,2 %, taux de distribution 34 %, PER 15,8, rendement total 8,7 % par an sur 25 ans.",,ok,4536.T,2026-09-14
long,sélection annuelle,Shin-Etsu Chemical,JP 337 120000 1,Capital 10/2026,2026-10,91,"50 Aktien fürs Leben, rang 41",,,,,Aktien fürs Leben,"Valeur de qualité retenue pour la durée (Spezialchemie, Japan) : rendement du dividende 1,9 %, taux de distribution 42 %, PER 19,7, rendement total 10,3 % par an sur 25 ans.",,ok,4063.T,2026-09-14
long,sélection annuelle,Shionogi,JP 334 720000 2,Capital 10/2026,2026-10,91,"50 Aktien fürs Leben, rang 42",,,,,Aktien fürs Leben,"Valeur de qualité retenue pour la durée (Pharma, Japan) : rendement du dividende 2,7 %, taux de distribution 30 %, PER 11,3, rendement total 7,5 % par an sur 25 ans.",,ok,4507.T,2026-09-14
long,sélection annuelle,SLB,AN 806 857108 6,Capital 10/2026,2026-10,91,"50 Aktien fürs Leben, rang 43",,,,,Aktien fürs Leben,"Valeur de qualité retenue pour la durée (Öl-/Gasausrüstung und -service, Schlumberger, Antillen) : rendement du dividende 2,3 %, taux de distribution 48 %, PER 21,7, rendement total 5,1 % par an sur 25 ans.",,ok,SLB,2026-09-14
long,sélection annuelle,Snap-on,US 833 034101 2,Capital 10/2026,2026-10,91,"50 Aktien fürs Leben, rang 44",,,,,Aktien fürs Leben,"Valeur de qualité retenue pour la durée (Industriemaschinen, USA) : rendement du dividende 2,5 %, taux de distribution 45 %, PER 20,1, rendement total 14,5 % par an sur 25 ans.",,ok,SNA,2026-09-14
long,sélection annuelle,Sun Life Financial,CA 866 796105 3,Capital 10/2026,2026-10,91,"50 Aktien fürs Leben, rang 45",,,,,Aktien fürs Leben,"Valeur de qualité retenue pour la durée (Personenversicherung, Kanada) : rendement du dividende 3,5 %, taux de distribution 57 %, PER 13,7, rendement total 8,4 % par an sur 25 ans.",,ok,SLF.TO,2026-09-14
long,sélection annuelle,Suncor Energy,CA 867 224107 9,Capital 10/2026,2026-10,91,"50 Aktien fürs Leben, rang 46",,,,,Aktien fürs Leben,"Valeur de qualité retenue pour la durée (Öl/Gas, Kanada) : rendement du dividende 2,9 %, taux de distribution 48 %, PER 9,1, rendement total 12,0 % par an sur 25 ans.",,ok,SU.TO,2026-09-14
long,sélection annuelle,Union Pacific,US 907 818108 1,Capital 10/2026,2026-10,91,"50 Aktien fürs Leben, rang 47",,,,,Aktien fürs Leben,"Valeur de qualité retenue pour la durée (Schienenverkehr, USA) : rendement du dividende 1,9 %, taux de distribution 45 %, PER 23,7, rendement total 15,7 % par an sur 25 ans.",,ok,UNP,2026-09-14
long,sélection annuelle,United Health Group,US 913 24P102 1,Capital 10/2026,2026-10,91,"50 Aktien fürs Leben, rang 48",,,,,Aktien fürs Leben,"Valeur de qualité retenue pour la durée (Gesundheit, USA) : rendement du dividende 2,3 %, taux de distribution 66 %, PER 20,2, rendement total 14,6 % par an sur 25 ans.",,ok,UNH,2026-09-14
long,sélection annuelle,Verizon,US 923 43V104 4,Capital 10/2026,2026-10,91,"50 Aktien fürs Leben, rang 49",,,,,Aktien fürs Leben,"Valeur de qualité retenue pour la durée (Telekommunikation, USA) : rendement du dividende 6,1 %, taux de distribution 66 %, PER 10,0, rendement total 6,2 % par an sur 25 ans.",,ok,VZ,2026-09-14
long,sélection annuelle,WEC Energy,US 929 39U106 0,Capital 10/2026,2026-10,91,"50 Aktien fürs Leben, rang 50",,,,,Aktien fürs Leben,"Valeur de qualité retenue pour la durée (Versorger, USA) : rendement du dividende 3,6 %, taux de distribution 74 %, PER 19,2, rendement total 12,6 % par an sur 25 ans.",,ok,WEC,2026-09-14
moyen,nouvelle,ATOSS SOFTWARE,510440,Börse Online 33/2026,2026-08-07,34,K AUFEN Neuempfehlung,"87,70 €","120,00 €","74,00 €",Hoch,kommenden zwölf Monate,"L'entreprise affiche une croissance à deux chiffres et des marges élevées. Malgré la chute récente, le potentiel de rattrapage est clair si les résultats restent positifs.",Jetzt könnte die Erholung einsetzen winkels: Die Münchner Softwarefirma Atoss sieht KI als Chance,ok,AOF.DE,2026-08-07
moyen,dérivé,Gold-Capped-Call,VY0P40,Börse Online 27/2026,2026-06-26,69,Neuzugang Derivate-Depot,"28,55 €",,"15,00 €",,neunmonatigen Restlaufzeit,"Nouvelle entrée du dépôt de dérivés (12.06.26) : gain potentiel de 54 %, durée résiduelle de neuf mois, le cap de 4 250 peut être atteint d'ici là.","+15,2 % neue Positionen wurden ins Depot aufgenommen.",ok,,2026-06-26
moyen,dérivé,SAP,GU6US9,Börse Online 39/2026,2026-09-18,73,K AUFEN Neuempfehlung,"176,94 €","208,50 Euro",,Hoch,Sicht eines Jahres,"Le certificat Bonus-Cap offre un potentiel de gain de 41 % sur neuf mois. Il constitue une excellente alternative à l'action SAP, avec des résistances techniques favorables.",Das Gewinnpotenzial ist mit 41 Prozent auf Neunmonatssicht höchst lukrativ.,ok,,2026-09-18
moyen,dérivé,TecDAX,GW1RTT,Börse Online 33/2026,2026-08-07,68,K AUFEN empfohlen in 23/2026,"10,17 €","11,09 €",,Hoch,Einjahressicht hinzu.,Le titre a repris sa hausse après un recul technique et se trouve sur une tendance haussière robuste soutenue par des niveaux clés de Fibonacci et les moyennes mobiles.,"weiter kaufenswert. Das Derivat hebelt Kursveränderungen des TecDAX zurzeit mit einem Faktor von knapp 3,9.",ok,,2026-08-07
court,dérivé,EUR/USD TOP-DERIVAT,VY53XZ,Börse Online 39/2026,2026-09-18,72,K AUFEN Neuempfehlung,"4,02 €",,,Sehr hoch,Dreimonatssicht,"Le titre offre un potentiel de gain d'environ 150 % sur trois mois. L'analyse technique suggère une consolidation avant une hausse potentielle, avec des supports solides autour de 1,13 $.",Nahezu 150 Prozent auf Dreimonatssicht verheißt dieser Schein,ok,,2026-09-18
court,dérivé,Merck-KGaA-Capped-Call,MM4N7S,Börse Online 27/2026,2026-06-26,69,Neuzugang Derivate-Depot,"0,63 €",,"0,45 €",,am 18. September,"Nouvelle entrée du dépôt de dérivés (12.06.26) : +59 % si l'action Merck KGaA cote au moins 135,00 € le 18 septembre.","+15,2 % neue Positionen wurden ins Depot aufgenommen.",ok,,2026-06-26
court,dérivé,Nasdaq-100-Capped-Put,VH7VQE,Börse Online 27/2026,2026-06-26,69,Neuzugang Derivate-Depot,"6,18 €",,"3,90 €",,am 18. September,Nouvelle entrée du dépôt de dérivés (12.06.26) : gain potentiel de 43 % si le Nasdaq-100 cote au plus 31 500 points le 18 septembre.,"+15,2 % neue Positionen wurden ins Depot aufgenommen.",ok,,2026-06-26
non precise,sélection,A2 Milk,NZ ATM E0002S 8,Capital 07/2026,2026-07,94,Günstige Qualitätsaktien,,,,,,Gewinnprognose positiv trotz Herausforderungen; Dividendenrendite von knapp vier Prozent erwartet.,jedoch die Gewinnprognose lässt noch auf sich warten – bis dahin profitieren Anleger jedoch von knapp vier Prozent Dividendenrendite.,ok,ATM.NZ,2026-06-13
non precise,confirmée (depuis 08/2022),AB Inbev,A2ASUV,Börse Online 33/2026,2026-08-07,63,K AUFEN empf. in 08/2022,"73,16 €","92,00 €","61,00 €",Hoch,,Le groupe s'est diversifié avec des bières sans alcool et des produits 'Beyond Beer' qui sont de véritables moteurs de croissance.,Alkoholfreie Varianten wie Corona Cero gehören zu den Wachstumstreibern.,ok,ABI.BR,2026-08-07
non precise,sélection,Acatis AI Global Equities,DE000A2DR2L2,Euro 07/2026,2026-07,67,€URO-EMPFEHLUNG,"174,37 €",,,,,"Le fonds utilise une IA pour sélectionner des actions de qualité dans 50 entreprises mondiales, favorisant les value stocks et évitant le secteur bancaire.",Das KI-Modell verarbeitet die Daten von rund 50.000 Unternehmen,ok,,2026-06-03
non precise,sélection,ADP,850 347,Euro 10/2026,2026-10,34,€URO-EMPFEHLUNG,"239,05 €",,,,,ADP est un leader du traitement des données avec une croissance stable et une augmentation de la dividende depuis plus de 50 ans.,Dividendenkönig. ADP erhöht seit über 50 Jahren die Dividende und hat die Ausschüttung zuletzt weiter gesteigert.,ok,ADP,2026-09-09
non precise,confirmée (depuis 24/2025),AIRBUS,938914,Börse Online 39/2026,2026-09-18,56,K AUFEN empf. in 24/2025,"195,84 €","250,00 €","185,00 €",Hoch,,Airbus sécurise sa chaîne d'approvisionnement et gagne en influence sur la qualité. La stratégie de prise de contrôle des fournisseurs est jugée rentable.,In Summe dürfte sich der Schritt für Airbus aber rechnen.,ok,AIR.PA,2026-09-18
non precise,sélection,Alcon,CH 043 249246,Capital 07/2026,2026-07,95,Günstige Qualitätsaktien,,,,,,Alcon est un entreprise de l'ophtalmologie américano-suisse. L'action pourrait bénéficier si une acquisition réussit.,"Wenn es mit einem Zukauf klappt und Alcon sich technologisch erneut an die Spitze setzt, könnte der Aktienkurs davon profitieren.",ok,ALC.SW,2026-06-13
non precise,confirmée (depuis 02/2022),Allianz,840400,Börse Online 27/2026,2026-06-26,41,K AUFEN empf. in 02/2022,450 €,"500,00 €","345,00 €",Mittel,,"La société est leader en Europe dans les assurances dommages et accidents. Grâce à des économies d'échelle et une réduction des coûts, la rentabilité augmente avec un potentiel de cours jusqu'à 500 €.",Die Sparte Sach- und Unfallversicherung ist die profitabelste des Konzerns.,ok,ALV.DE,2026-06-26
non precise,sélection,ALLIANZ,,Euro 07/2026,2026-07,87,EURO-EMPFEHLUNG,"380,50 €",,,,,La stratégie axée sur la numérisation et l'IA renforce les avantages concurrentiels. Des investissements élevés en TI et une diversification dans les assurances cyber réduisent les risques.,Kein anderer Versicherer investiert laut Berenberg so viel in Informations- und Kommunikationstechnologie.,ok,ALV.DE,2026-06-03
non precise,sélection,ALLIANZ,840 400,Euro 10/2026,2026-10,60,€URO-EMPFEHLUNG,"447,60 €",,,,,Leader européen de l'assurance avec un modèle robuste et une forte rentabilité. La dividende est stable depuis 16 ans.,"Entscheidend ist die Schaden-Kosten-Quote: Liegt sie unter 100 Prozent, arbeitet das Geschäft profitabel.",ok,ALV.DE,2026-09-09
non precise,confirmée,Alphabet (Google Cloud),906866,Börse Online 33/2026,2026-08-07,10,K AUFEN,"243,05 €","280,00 €","206,60 €",Hoch,,"Le secteur cloud de Google a surpassé les rivaux Amazon et Microsoft avec une croissance de 82 %, transformant ses investissements en revenus supplémentaires.",Starkes Cloud-Geschäft wird belohnt,ok,GOOGL,2026-08-07
non precise,sélection,Altria,200 417,Euro 10/2026,2026-10,34,€URO-EMPFEHLUNG,"59,31 €",,,,,Altria est l'un des payeurs les plus fiables avec une rentabilité de six pour cent et un modèle d'affaires robuste.,"Altria zählt zu den verlässlichsten Zahlern der Wall Street: 56 Jahre in Folge wurde die Dividende erhöht, die Rendite liegt bei sechs Prozent.",ok,MO,2026-09-09
non precise,mise à jour,AMG CRITICAL MATERIALS,,Börse Online 27/2026,2026-06-26,59,K AUFEN,"35,94 €","50,00 €","30,50 €",Hoch,,L'usine de chrome aux États-Unis comble une lacune stratégique dans la chaîne d'approvisionnement américaine et pourrait devenir un moteur de croissance à marge élevée.,"Die Anlage stärkt damit nicht nur die strategische Position des Konzerns, sondern könnte sich mittelfristig auch zu einem margenstarken Wachstumstreiber entwickeln.",ok,AMG.AS,2026-06-26
non precise,sélection,Amundi Euro Corporate 0-1Y ESG ETF,LU2300294316,Euro 10/2026,2026-10,44,"Anlegen wie Goldman Sachs €uro hat die Überlegungen von Goldman Sachs in eine 50:10:20:20-Strategie überführt und dazu passende ETFs, ETCs und Fonds ausgesucht.",,,,,,ETF d'obligations corporatives européennes à court terme avec critères ESG pour diversifier et limiter les risques.,Anlegen wie Goldman Sachs €uro hat die Überlegungen von Goldman Sachs in eine 50:10:20:20-Strategie überführt,ok,,2026-09-09
non precise,sélection,Amundi MSCI Robotics & AI,LU1861132840,Euro 10/2026,2026-10,39,€URO-EMPFEHLUNG,,,,,,Le fonds investit dans des valeurs liées à la robotique et l'IA. L'édition présente ces ETF comme une sélection pour les investisseurs.,"Robotic-ETFs Hier investieren Anleger gestreut, Amundi setzt auch auf klassische KI-Werte",ok,,2026-09-09
non precise,sélection,Amundi Prime Euro Government Bond 0-1Y ETF,LU2233156582,Euro 10/2026,2026-10,44,"Anlegen wie Goldman Sachs €uro hat die Überlegungen von Goldman Sachs in eine 50:10:20:20-Strategie überführt und dazu passende ETFs, ETCs und Fonds ausgesucht.",,,,,,ETF d'obligations gouvernementales européennes à court terme pour sécuriser une partie du portefeuille face aux taux.,Anlegen wie Goldman Sachs €uro hat die Überlegungen von Goldman Sachs in eine 50:10:20:20-Strategie überführt,ok,,2026-09-09
non precise,sélection,Antecedo Independent Invest,DE000A0RAD42,Euro 10/2026,2026-10,44,"Anlegen wie Goldman Sachs €uro hat die Überlegungen von Goldman Sachs in eine 50:10:20:20-Strategie überführt und dazu passende ETFs, ETCs et Fonds ausgesucht.",,,,,,Fonds à rendement absolu pour diversifier le portefeuille avec une approche alternative moins corrélée aux actions et obligations.,Anlegen wie Goldman Sachs €uro hat die Überlegungen von Goldman Sachs in eine 50:10:20:20-Strategie überführt,ok,,2026-09-09
non precise,confirmée (depuis 01/2022),Apple,865985,Börse Online 27/2026,2026-06-26,63,K AUFEN empf. in 01/2022,"258,55 €","300,00 €","219,50 €",Hoch,,Apple peut augmenter les prix sans perdre de clients grâce à sa puissance de fixation des prix et son modèle économique robuste.,"Dass Apple solche Aufschläge durchsetzen kann, ohne Kunden zu verlieren, belegt die Preissetzungsmacht der Marke",ok,AAPL,2026-06-26
non precise,nouvelle,Arcturus Therapeutics,A2PMAS,Börse Online 39/2026,2026-09-18,23,K AUFEN Neuempfehlung,"15,05 $","23,00 $","12,50 $",Hoch,,"La société a validé sa plateforme et développé le premier vaccin approuvé basé sur cette technologie. Malgré une capitalisation boursière faible, l'action pourrait être un outperformer avec un effet de levier important.",Arcturus entwickelte mit dem Produkt Kostaive den weltweit ersten zugelassenen Impfstoff auf Basis dieser selbstamplifizierenden Technologie.,ok,ARCT,2026-09-18
non precise,nouvelle,Asmodee Group AB,A411F9,Börse Online 39/2026,2026-09-18,44,K AUFEN Z Neuempfehlung,"14,74 €","18,20 €","12,00 €",Hoch,,L'éditeur de jeux français Asmodee affiche des résultats records après son introduction en bourse. Les cartes à collectionner font exploser les revenus et une nouvelle dividende est promise.,Asmodee mischt ganz vorne mit.,ok,ASMDEE-B.ST,2026-09-18
non precise,sélection,Assenagon I Multi Asset Conservative,A140LW,Euro 10/2026,2026-10,73,EURO-EMPFEHLUNG,,,,,,Fonds performant avec une croissance de plus du triple sur dix ans par rapport à son benchmark. Il offre un profil défensif tout en permettant des investissements jusqu'à 40% en actions.,über zehn Jahre hat der Fonds mehr als dreimal so viel Performance erzielt wie der Fonds,ok,,2026-09-09
non precise,mise à jour,Auto1 Group,LA,Börse Online 27/2026,2026-06-26,60,K AUFEN,"23,80 €","29,90 €","20,25 €",Hoch,,Le secteur grand public devrait tripler les ventes et générer un résultat trois fois supérieur à celui visé pour 2026.,Kursziel und Stoppkurs werden angehoben.,ok,AG1.DE,2026-06-26
non precise,confirmée (depuis 48/25),Autolus Therapeutics,A2JNZJ,Börse Online 39/2026,2026-09-18,29,K AUFEN empf. in 48/25,"1,65 €","2,70 €","1,20 €",Sehr hoch,,Le produit Aucatzyl a une sécurité favorable et un profil de traitement plus rapide qui pourrait être économiquement pertinent.,Die Daten aus der zulassungsrelevanten Studie weisen auf ein vergleichsweise günstiges Sicherheitsprofil hin.,ok,AUTL,2026-09-18
non precise,confirmée (depuis 18/2022),AXA,,Börse Online 39/2026,2026-09-18,62,K AUFEN empf. in 18/2022,"43,18 €","54,00 €","36,90 €",Mittel,,AXA vise une croissance organique et des marges accrues grâce à l'IA jusqu'en 2029.,Der neue Strategieplan „Growing Forward 2029“ soll den französischen Versicherungsriesen zurück auf einen organischen Wachstumskurs führen.,à vérifier: identifiant,CS.PA,2026-09-18
non precise,confirmée (depuis 20/2026),Bachem,A3DLKE,Börse Online 39/2026,2026-09-18,19,K AUFEN empf. in 20/2026,"80,80 €","115,00 €","69,50 €",Hoch,,La position de marché en tant que partenaire privilégié dans l'industrie pharmaceutique mondiale pour le mégatrend GLP-1 garantit une forte utilisation et une croissance supérieure à la moyenne.,Die Marktstellung als bevorzugter Partner der globalen Pharmaindustrie beim Megatrend GLP-1 darf als Garant für eine auf Jahre hinaus hohe Auslastung und überdurchschnittliches Wachstum bei Baschem gewertet werden.,ok,BANB.SW,2026-09-18
non precise,confirmée,BASF,,Börse Online 33/2026,2026-08-07,37,K AUFEN,"51,20 €","70,00 €","46,00 €",Mittel,,Le groupe a réduit ses coûts et augmenté son taux d'utilisation des installations. Le programme de restructuration APEX porte ses fruits.,"Wir haben unsere Kosten gesenkt, die Investitionsausgaben reduziert und die Auslastung unserer Anlagen erhöht",à vérifier: identifiant,BAS.DE,2026-08-07
non precise,confirmée,BASF,BASF11,Börse Online 39/2026,2026-09-18,40,K AUFEN,"51,44 €","70,00 €","46,00 €",,,Le magazine recommande d'acheter en raison des rachats d'actions massifs financés par la vente de son activité Coating et du retour à un free cashflow positif attendu.,"Die Fähigkeit, Rückkäufe unabhängig vom Konjunkturzyklus durchziehen zu können, ist oft auch ein Qualitätsmerkmal.",ok,BAS.DE,2026-09-18
non precise,sélection,BASF,BAS F11,Euro 10/2026,2026-10,60,€URO-EMPFEHLUNG,"53,00 €",,,,,Leader mondial de la chimie avec un modèle intégré efficace. La valorisation est basse et le dividende attractif.,"Die Bewertung ist niedrig, die Dividendenrendite kann sich sehen lassen.",ok,BAS.DE,2026-09-09
non precise,mise à jour,Basilea Pharmaceutica,A0B9GA,Börse Online 39/2026,2026-09-18,58,K AUFEN,"69,80 €","90,00 €","59,00 €",Mittel,,De bons résultats pour le premier semestre et une augmentation des prévisions ont relancé la confiance. Les deux médicaments sont désormais sur le marché avec de bonnes perspectives.,"Mit Cresemba zur Behandlung lebensbedrohlicher Pilzinfektionen und Zevtera, einem Antibiotikum gegen resistente bakterielle Infektionen haben die Schweizer derzeit zwei Medikamente auf dem Markt.",ok,BSLN.SW,2026-09-18
non precise,nouvelle,Bauer,A40ETC,Börse Online 27/2026,2026-06-26,36,K AUFEN Neuempfehlung,"5,80 €","7,50 €","5,00 €",Mittel,,Le marché sous-évalue le programme de restructuration et la rentabilité améliorée. L'entreprise est une valeur avec un potentiel de rattrapage élevé.,"Mittelfristig spricht also einiges dafür, dass die Aktie den Bewertungsabschlag gegenüber Peers wie der britischen Keller Group reduzieren könnte.",ok,,2026-06-26
non precise,nouvelle,Bayer,GD50,Börse Online 27/2026,2026-06-26,64,K AUFEN / Neuempfehlung,"37,81 €","48,00 €","32,50 €",Mittel,,Le tribunal a annulé le transfert du procès vers la Californie. L'entreprise confirme son engagement dans l'accord de classe pour les glyphosate.,"Ende Mai geriet der Fahrplan ins Wanken, nachdem Anwälte die Verlegung nach San Francisco beantragt hatten.",ok,BAYN.DE,2026-06-26
non precise,confirmée (depuis 27/2026),Bayer,BAY001,Börse Online 33/2026,2026-08-07,45,K AUFEN empf in 27/2026,"49,32 €","55,00 €","43,90 €",Mittel,,"Bayer investit dans l'innovation et les produits à haut rendement. La valorisation est modérée avec un PER de 15,8.",Nach eigenen Angaben hat der Konzern zudem zehn neue Blockbuster-Wirkstoffe und gentechische Innovationen in der Pipeline.,ok,BAYN.DE,2026-08-07
non precise,confirmée (depuis 20/2025),BB Biotech,A0NFN3,Börse Online 27/2026,2026-06-26,48,K AUFEN empf. in 20/2025,"48,75 €","67,00 €","41,50 €",Mittel,,La société montre des signes de reprise avec une activité M&A forte et un pipeline produit prometteur.,Die Portfolioanpassungen und die starke M & A-Aktivität im Sektor zeigen Wirkung,ok,BION.SW,2026-06-26
non precise,nouvelle,Beam Therapeutics,A2PY7P,Börse Online 39/2026,2026-09-18,26,K AUFEN Neuempfehlung,"23,60 €","52,00 €","18,90 €",Hoch,,Beam Therapeutics zählt zu den Vorreitern der Base-Editing-Technologie. Analysten agierten mehrheitlich positiv.,Das Biotechnologieunternehmen zählt zu den Vorreitern der Base-Editing-Technolog ie.,ok,BEAM,2026-09-18
non precise,confirmée,Befesa,A2H5Z1,Börse Online 33/2026,2026-08-07,29,K AUFEN,"35,75 €","42,60 €","31,10 €",Hoch,,Befesa domine le marché du recyclage de la poussière d'acier et des scories en Europe. La croissance est soutenue par l'expansion aux USA.,Der Konzern mit steueroptimiertem Firmensitz ist die globale Nummer 1 im streng regulierten Markt mit hohen Eintrittsbarrieren.,ok,BFSA.DE,2026-08-07
non precise,nouvelle,BioNTech,A2PSR2,Börse Online 39/2026,2026-09-18,22,K AUFEN Neuempfehlung,"85,75 €","100,00 €","70,90 €",Hoch,,L'entreprise incarne la meilleure opportunité pour profiter de la transformation du secteur. Elle offre une option attractive pour capitaliser sur cette évolution.,"Das Mainzer Biotechunternehmen verkörpert die attraktivste Möglichkeit, um von der Transformation des Sektors zu profitieren.",ok,BNTX,2026-09-18
non precise,sélection,Bloom Energy,A2J QTG,Euro 10/2026,2026-10,90,€URO-EMPFEHLUNG,"182,80 €",,,,,Investissement dans la chaîne de valeur complète de l'hydrogène vert.,Das Depot investiert in die komplette Wertschöpfungskette von grünem Wasserstoff,ok,BE,2026-09-09
non precise,confirmée (depuis 01/2025),Boeing,850471,Börse Online 27/2026,2026-06-26,63,K AUFEN empf. in 01/2025,"191,36 €","220,00 €","162,70 €",Hoch,,Les bonnes nouvelles concernant Boeing et l'approbation imminente de nouveaux modèles améliorent les perspectives de trésorerie.,"Jede Freigabe bedeutet mehr auslieferbare Jets, schnelleren Abbau des prall gefüllten Auftragsbuchs und damit dringend benötigten Cashflow.",ok,BA,2026-06-26
non precise,sélection,Booking Holdings,US 098 57L108 9,Capital 07/2026,2026-07,94,Günstige Qualitätsaktien,,,,,,Bestpreis-Praxis und KI-Investition; Analysten sehen Kaufchance trotz aktueller Kurskorrektur.,"Investoren appellieren an die Führungsspitze, verstärkt in KI zu investieren.",ok,BKNG,2026-06-13
non precise,confirmée,Boston Properties,BXP,Börse Online 27/2026,2026-06-26,51,K AUFEN,"54,92 €","71,00 €","46,80 €",Mittel,,Le secteur bénéficie d'une stabilisation du marché immobilier et d'un regain de croissance dans le bureau en 2026.,"Neuempfehlung nicht nur von der Beruhigung an den Anleihemärkten, sondern auch von ersten Anzeichen einer Stabilisierung am Immobilienmarkt.",ok,BXP,2026-06-26
non precise,sélection,Boston Scientific,,Capital 07/2026,2026-07,92,Günstige Qualitätsaktien,,,,,,"Boston Scientific offre un KGV attractif de 20. Le cours a chuté à cause d'un procès, mais le potentiel de croissance reste intact.",Mit einem Kurs-Gewinn-Verhältnis um 20 ist die Aktie fast schon ein Schnäppchen.,à vérifier: identifiant,BSX,2026-06-13
non precise,mise à jour,BRAIN BIOTECH,520394,Börse Online 39/2026,2026-09-18,60,K AUFEN,"2,71 €","5,00 €","2,30 €",Hoch,,Les données d'études positives augmentent les chances de paiements futurs et stabilisent la situation après une baisse des ventes.,Die positiven Studiendaten erhöhen zudem die Wahrscheinlichkeit für künftige Zahlungen deutlich,ok,BNN.DE,2026-09-18
non precise,mise à jour,Bristol-Myers Squibb,850501,Börse Online 33/2026,2026-08-07,56,K AUFEN,"57,03 €","65,00 €","49,00 €",Hoch,,Rumeurs de fusion avec AstraZeneca pourraient adoucir la chute des brevets. Les investisseurs ont réagi favorablement à ces nouvelles.,Entsprechend wohlwollend reagierten die Anleger und trieben das Papier auf ein neues Jahreshoch.,ok,BMY,2026-08-07
non precise,mise à jour,Carrefour,852362,Börse Online 33/2026,2026-08-07,57,K AUFEN,"15,67 €","18,00 €","13,00 €",Hoch,,Carrefour concentre son activité sur trois marchés clés et mise sur la digitalisation pour développer le potentiel de l'actue.,"Kann der Vorstand seine Pläne umsetzen, hat die Aktie angesichts moderater Bewertungskennziffern und hoher Dividendenrendite weiter Potenzial.",ok,CA.PA,2026-08-07
non precise,sélection,Central Japan Railway,WKN 908593,Euro 07/2026,2026-07,99,Vier Aktien und ein ETF für Nippon,"18,97 €",,,,,"Sélection Japon de la rédaction (« Anleger sollten die genannten vier Titel auf dem Zettel haben ») : exploite la ligne Tokaido-Shinkansen ; PER 2027 6,8, cours/valeur comptable 0,6.",,ok,9022.T,2026-06-03
non precise,mise à jour,CEWE STIFTUNG,540390,Börse Online 39/2026,2026-09-18,60,K AUFEN,"107,00 €","125,00 €","91,00 €",Hoch,,La refonte stratégique vers le photofinishing et l'acquisition de Kodak Moments ouvrent de nouveaux marchés comme les USA.,"Entscheidend ist aber die Zukunftsperspektive im Zuge der Neuausrichtung, wegen der wir unser Kursziel bestätigen",ok,CWC.DE,2026-09-18
non precise,nouvelle,Colruyt Group NV,A1C7HA,Börse Online 33/2026,2026-08-07,20,K AUFEN Neuempfehlung,"38,92 €","47,00 €","33,30 €",Mittel,,Le modèle d'affaires est robuste avec des dividendes réguliers malgré la concurrence.,Colruyt bietet Anlegern ein vergleichsweise konjunkturobustes Geschäft mit regelmäßigem Lebensmittelauftrag.,à vérifier: citation,COLR.BR,2026-08-07
non precise,sélection,Comet Holding,A2D NSP,Euro 10/2026,2026-10,66,€uro-Favorit,"359,40 €",,,,,Schweizer Nischenspieler in Plasmatechnologie.,"Comet Holding A2D NSP 359,40 ... €uro-Favorit",ok,COTN.SW,2026-09-09
non precise,nouvelle,COPT Defense Properties,913833,Börse Online 27/2026,2026-06-26,52,K AUFEN Neuempfehlung,"29,00 €","35,00 €","24,50 €",Mittel,,L'entreprise agit comme partenaire d'infrastructure stratégique pour l'armée américaine et les services de santé civile. Elle possède des bâtiments sécurisés pour le cloud computing.,"Anstatt klassische Büroflächen für den freien Markt anzubieten, agiert COPT als strategischer Infrastrukturpartner des US-Militärs und der Heimdienste.",ok,CDP,2026-06-26
non precise,confirmée,Cousins Properties,COUS,Börse Online 27/2026,2026-06-26,51,K AUFEN,"24,00 €","30,00 €","20,50 €",Mittel,,L'entreprise se concentre sur des immeubles de classe A dans les métropoles du sud des États-Unis avec une forte demande.,Cousins Properties in € K AUFEN Neuempfehlung Jetzt direkt handeln!,ok,CUZ,2026-06-26
non precise,nouvelle,Crispr Therapeutics,A2AT0Z,Börse Online 39/2026,2026-09-18,25,K AUFEN / Neuempfehlung,"45,88 €","75,50 €","38,00 €",Hoch,,La société est pionnière dans l'édition du génome avec une nouvelle recommandation d'achat. Les résultats des essais cliniques pour Casgevy et Lonvo-z sont prometteurs.,Der Erste und bisher Einzige Crispr Therapeutics gilt als Pionier im Bereich Genom-Editierung.,ok,CRSP,2026-09-18
non precise,mise à jour,CrowdStrike,A2PK2R,Börse Online 39/2026,2026-09-18,57,K AUFEN,"203,40 €","240,00 €","170,00 €",Hoch,,La demande forte pour la cybersécurité face aux risques de l'IA pousse les entreprises à augmenter leurs budgets. Les résultats du deuxième trimestre ont été excellents avec une hausse des revenus et un cashflow record.,"Crowdstrike profitiert davon, dass Unternehmen ihre Sicherheitsbudgets angesichts wachsender KI-Risiken aufstocken.",ok,CRWD,2026-09-18
non precise,sélection,CTS Eventim,DE 000 547030,Capital 07/2026,2026-07,95,Günstige Qualitätsaktien,,,,,,"CTS Eventim est devenu un fournisseur complet. Si l'activité se poursuit, l'action offre des perspectives de plus-value pouvant atteindre jusqu'à 15 %.","Sollte das Geschäft weiterlaufen, bietet die Aktie Perspektiven auf ein Kursplus von bis zu 15 Prozent.",ok,EVD.DE,2026-06-13
non precise,mise à jour,Daimler Truck,DTR0CK,Börse Online 39/2026,2026-09-18,61,K AUFEN,"43,38 €","54,00 €","39,00 €",Hoch,,Le constructeur voit du potentiel de hausse pour l'action grâce à la stratégie hydrogène et au fort business en Amérique du Nord.,Für die Aktie geht es seit dem letzten Herbst klar nach oben. Wir sehen weiteres Kurspotenzial.,ok,DTG.DE,2026-09-18
non precise,dérivé,DAX in Punkten,VY6DUR,Börse Online 39/2026,2026-09-18,71,K AUFEN Neuempfehlung,"4,57 €",,,Sehr hoch,,"Le DAX offre une opportunité d'achat avec un potentiel de gain de 118,8 % sur le long terme.","Nunmehr kommt allerdings dazu, dass beim MACD-Indikator auf Wochenbasis ein Verkaufssignal droht.",ok,,2026-09-18
non precise,dérivé,DAX-Capped-Call,MM7UYL,Börse Online 33/2026,2026-08-07,69,K AUFEN,"4,34 €","26.05.26 3,90 €",23.945 Punkte,Hoch,,Le potentiel de hausse est plafonné par une ligne de tendance supérieure définie par les sommets précédents.,"Kurzfristig ist die Rally wohl intakt, solange ein recht steil aussehender, vor zwei Wochen etablierter Aufwärtstrend behauptet werden kann.",ok,,2026-08-07
non precise,sélection,DBS Group,880 105,Euro 10/2026,2026-10,34,€URO-EMPFEHLUNG,"53,03 €",,,,,DBS est la plus grande banque d'Asie du Sud-Est et profite de son rôle en tant que port sûr financier pour toute l'ASEAN.,"Wer auf Asien als Wachstumsregion setzen will, kommt an DBS kaum vorbei. Das Institut aus Singapur gilt als einer der überzeugendsten Dividendentitel.",ok,D05.SI,2026-09-09
non precise,nouvelle,Deere,,Börse Online 33/2026,2026-08-07,46,K AUFEN Neuempfehlung,"526,00 €","670,00 €","440,00 €",Mittel,,La majorité des analystes considèrent le titre comme intéressant à acheter en raison de sa forte position mondiale et de ses données solides.,Angesichts der starken Marktposition und zuletzt solider Daten stuft die Mehrheit der Analysten das Papier als kaufenswert ein.,à vérifier: identifiant,DE,2026-08-07
non precise,confirmée (depuis 18/2026),Deutsche Bank,514000,Börse Online 33/2026,2026-08-07,55,K AUFEN empf. in 18/2026,"32,45 €","41,00 €","27,00 €",Mittel,,La banque a livré de solides résultats sur tous les fronts avec une revalorisation fondamentale possible.,Die jüngsten Quartalszahlen haben unsere Einschätzung bestätigt,ok,DBK.DE,2026-08-07
non precise,confirmée,Deutsche Börse,581005,Börse Online 33/2026,2026-08-07,22,K AUFEN,"267,70 €","300,00 €","222,00 €",Mittel,,L'entreprise transforme structurellement les turbulences du marché en bénéfices. Elle offre une valeur solide avec un rendement de dividende et combine qualité et croissance.,"Wer nach einem Wert sucht, der Marktturbulenzen strukturell in Erträge ummünzt, findet in der Deutschen Börse einen der seltenen Fälle...",ok,DB1.DE,2026-08-07
non precise,confirmée (depuis 16/2026),Deutsche Börse,581005,Börse Online 39/2026,2026-09-18,8,K AUFEN empf. in 16/2026,"279,90 €","300,00 €","239,70 €",Hoch,,La fusion entre Deutsche Börse et Euronext est stratégiquement pertinente malgré les risques de blocage par l'UE.,Fusionsfantasie ist zurück K AUFEN empf. in 16/2026,ok,DB1.DE,2026-09-18
non precise,sélection,Deutsche BörSE,581 005,Euro 10/2026,2026-10,61,€URO-EMPFEHLUNG,"279,60 €",,,,,La Deutsche Börse offre des revenus stables et un potentiel de croissance structurel. C'est la deuxième composante défensive claire dans notre sélection.,Die Aktie ist neben der Allianz die zweite klar defensive Komponente in unserer Auswahl.,ok,DB1.DE,2026-09-09
non precise,confirmée,Deutsche Telekom,555750,Börse Online 39/2026,2026-09-18,40,K AUFEN,"28,87 €","34,00 €","24,00 €",,,Le titre est recommandé car il se trouve sous sa valeur intrinsèque et fait partie des plus grandes valeurs du DAX.,Wir nehmen die Telekom wieder auf unsere Empfehlungsliste.,ok,DTE.DE,2026-09-18
non precise,sélection,DEUTSCHE TELEKOM,,Euro 10/2026,2026-10,81,€URO-EMPFEHLUNG,"27,94 €",,,,,La division MagentaTV et les offres de divertissement rendent l'entreprise attractive pour les actionnaires grâce à la croissance du segment sport.,Sinn. Die Analysten von Bernstein sehen €URO-EMPFEHLUNG funk wie bei Breitband und Fernsehen.,ok,DTE.DE,2026-09-09
non precise,confirmée,Deutz,,Börse Online 33/2026,2026-08-07,38,K AUFEN,"9,90 €","12,30 €","8,10 €",Mittel,,L'entreprise parie sur l'armement et les moteurs industriels. Les perspectives conjoncturelles sont positives avec une marge Ebitda cible de 4 à 5 %.,"Deutz wagt eine Milliardenwette auf Rüstung, einen Markt, der weiter boomen wird.",ok,DEZ.DE,2026-08-07
non precise,nouvelle,Diebold Nixdorf,A3EQW7,Börse Online 27/2026,2026-06-26,49,K AUFEN Neuempfehlung,"72,70 €","102,00 €","61,80 €",Hoch,,"Le marché des caisses sans guichet croît et l'entreprise combine matériel, logiciel et services. L'intelligence artificielle améliore la détection de fraude.","Der Markt für Selbstbedienungskassen wächst, davon dürfte auch die Aktie profitieren.",ok,DBD,2026-06-26
non precise,dérivé,Discount-Call sur Airbus,MN8S1J,Börse Online 27/2026,2026-06-26,75,K AUFEN Neuempfehlung,"0,62 €",190 Euro,"0,43 €",Hoch,,Le titre d'Airbus offre un potentiel de plus de 68 % avec une sortie au-dessus des résistances clés. Les livraisons devraient reprendre en force dès l'été.,Der ausgewählte Discount-Call auf die Aktie von Airbus bietet die Chance auf über 68 Prozent.,ok,,2026-06-26
non precise,dérivé,Discount-Optionsschein sur Nordex,MN4N8T,Börse Online 27/2026,2026-06-26,55,Neuempfehlung,"3,22 €",,"2,25 €",Mittel,,"Le titre bénéficie d'une phase de faiblesse après une correction du secteur US-Tech, offrant un point d'entrée intéressant pour des rendements potentiels.",Die Schwächephase bei Nordex und Siemens Energy ... bietet Anlegern Einstiegsgelegenheiten,ok,,2026-06-26
non precise,dérivé,Discount-Optionsschein sur Siemens Energy,,Börse Online 27/2026,2026-06-26,55,Neuempfehlung,"5,97 €",,"4,20 €",Mittel,,La dynamique de l'entreprise est soutenue par un boom structurel dans les technologies réseau et une forte demande pour ses turbines.,Starker Newsflow beflügelt. Noch dynamischer gestaltet sich die Lage bei Siemens Energy.,ok,,2026-06-26
non precise,dérivé,Dow Jones,PM3CGY,Börse Online 33/2026,2026-08-07,70,K AUFEN,"5,19 €","5,38 €",46.000 Pkt.,Sehr hoch,,Le magazine recommande cet optionsschein en raison de son potentiel actuel élevé et d'un signal d'achat confirmé par l'analyse technique.,Dabei dürfte die untere 46.000er-Schwelle erst einmal keine Rolle mehr spielen.,ok,,2026-08-07
non precise,sélection,Ecolab,US 278 865100 6,Capital 07/2026,2026-07,96,Günstige Qualitätsaktien,,,,,,Candidat à la reprise avec des revenus récurrents fiables et une marge améliorée après l'acquisition de Coolit.,Für Anleger ein verlässlicher Turnaround-Kandidat.,ok,ECL,2026-06-13
non precise,confirmée (depuis 34/2024),Equinor,675213,Börse Online 39/2026,2026-09-18,47,K AUFEN empf. in 34/2024,"38,99 €","50,00 €","33,00 €",Hoch,,Actif norvégien sécurisé géographiquement et sous-évalué dans un contexte de crise énergétique.,"Die Kombination aus niedriger Bewertung, operativer Spotmarkt-Ausrichtung und bilanzieller Stärke macht den Titel zu einem Value-Wert mit großer Dynamik.",ok,EQNR.OL,2026-09-18
non precise,mise à jour,Essilor (später EssilorLuxottica),,Börse Online 27/2026,2026-06-26,67,K AUFEN,"372,30 €","460,00 €","327,00 €",Mittel,,L'Oréal et Essilor sont des leaders mondiaux avec une croissance solide malgré les défis géopolitiques.,Alle vier liegen heute deutlich im Plus. Vorneweg L’Oréal mit rund 155 Prozent inklusive Dividenden — knapp zehn Prozent pro Jahr.,ok,EL.PA,2026-06-26
non precise,confirmée,Euronext,A115MJ,Börse Online 33/2026,2026-08-07,23,K AUFEN,160 €,"175,00 €","119,00 €",Mittel,,L'entreprise génère des revenus stables avec une faible corrélation aux indices boursiers. La croissance organique et la rétention client élevée assurent un profil défensif intéressant pour le portefeuille.,"Der Kurs zeigt, dass der Markt die Disruptionssorge inzwischen differenzierter bewertet.",ok,ENX.PA,2026-08-07
non precise,sélection,Euwax Gold II,DE000EWG2LD7,Euro 10/2026,2026-10,44,"Anlegen wie Goldman Sachs €uro hat die Überlegungen von Goldman Sachs in eine 50:10:20:20-Strategie überführt und dazu passende ETFs, ETCs und Fonds ausgesucht.",,,,,,ETC sur le prix de l'or pour se protéger contre l'inflation et diversifier les actifs du portefeuille.,Anlegen wie Goldman Sachs €uro hat die Überlegungen von Goldman Sachs in eine 50:10:20:20-Strategie überführt,ok,,2026-09-09
non precise,nouvelle,FactSet Research Systems,901629,Börse Online 33/2026,2026-08-07,23,K AUFEN / Neuempfehlung,"233,50 €","290,00 €","199,00 €",Hoch,,Le modèle économique basé sur les abonnements assure des revenus récurrents et une faible dépendance au cycle boursier. La marge de flux libre élevée confirme la qualité défensive.,Factset verbindet damit eine geringe Indexabhängigkeit und planbare Erträge.,ok,FDS,2026-08-07
non precise,sélection,Fastenal,,Euro 10/2026,2026-10,35,€URO-EMPFEHLUNG,"42,71 €",,,,,Le consortium américain domine une niche avec des distributeurs automatiques et offre une marge opérationnelle stable supérieure à 20 %.,"Fastenal ist groß in einer Nische, die kaum jemand auf dem Radar hat",ok,FAST,2026-09-09
non precise,sélection,First Solar,A0L EKM,Euro 10/2026,2026-10,90,€URO-EMPFEHLUNG,"172,00 €",,,,,Investissement dans l'équipement solaire.,Solarausrüstung,ok,FSLR,2026-09-09
non precise,dérivé,FMC Discount Call,,Börse Online 27/2026,2026-06-26,110,Neuempfehlung,"2,39 €","5,00 €","1,60 €",Hoch,,"Ce produit offre une chance de gain supérieure à 100 % si l'action atteint au moins 45 €, avec un risque élevé.","Er bietet die Chance auf über 100 Prozent Gewinn, wenn die Aktie am Ende bei mindestens 45 Euro notiert.",ok,,2026-06-26
non precise,nouvelle,Fresenius Medical Care,,Börse Online 27/2026,2026-06-26,110,Neuempfehlung,"41,40 €","52,00 €","34,50 €",Mittel,,La technique chartiste indique un changement de tendance durable à la hausse avec une opportunité d'achat au-dessus du support clé.,Ausbruch mit Folgen. Der mittelfristige MACD-Indikator weist nach oben und deutet damit auf ein anhaltendes Aufwärtsmomentum hin.,ok,FME.DE,2026-06-26
non precise,sélection,FRESENIUS MEDICAL CARE,,Euro 07/2026,2026-07,80,KAUFEN,"36,35 €","52,00 €",,,,Le rachat d'actions combiné à une augmentation régulière des dividendes crée un effet de levier favorable pour les investisseurs à long terme.,Damit entsteht eine Aktienrückkauf-Traumkombination: Ein steigender Gewinn verteilt sich auf eine geringere Zahl an Aktien.,ok,FME.DE,2026-06-03
non precise,sélection,Friedrich Vorwerk Group,A25 5F1,Euro 10/2026,2026-10,90,€URO-EMPFEHLUNG,"69,70 €",,,,,Investissement dans les infrastructures LNG et hydrogène.,LNG- und Wasserstoff-Infrastruktur,ok,VH2.DE,2026-09-09
non precise,sélection,Frontline,,Euro 10/2026,2026-10,35,€URO-EMPFEHLUNG,"39,64 €",,,,,L'une des plus grandes armateurs de pétrole au monde avec une flotte jeune et un cash-flow fort malgré les tensions géopolitiques.,Eine der weltgrößten börsennotierten Rohöltanker-Reedereien,ok,FRO,2026-09-09
non precise,confirmée,Fuchs,A3E5D5,Börse Online 27/2026,2026-06-26,19,K AUFEN,"32,25 €","42,00 €","27,50 €",Mittel,,Fuchs augmente sa dividende pour la 24e année consécutive et vise le statut d'aristocrate des dividendes en 2027. Le potentiel de croissance organique dans les secteurs électriques et industriels offre une marge prometteuse.,"Im Jahr 2027 streben wir an, zum Dividenden-Aristokraten aufzusteigen",ok,FPE3.DE,2026-06-26
non precise,nouvelle,GEA Group,,Börse Online 27/2026,2026-06-26,35,K AUFEN Neuempfehlung,"58,05 €","71,00 €","50,00 €",Hoch,,Le marché laitier mondial repart à la hausse et le cours actuel n'est pas un prix d'achat. La liquidité nette croissante offre des options stratégiques.,"Bei einem Kurs von 60 Euro handelt GEA auf Basis für 2027 mit einem EV/Ebitda-Multiple von 8,7.",ok,G1A.DE,2026-06-26
non precise,confirmée,Gerresheimer,A0LD6E,Börse Online 39/2026,2026-09-18,9,Empfehlung,"27,62 €","46,00 €","22,20 €",,,La société fait l'objet d'une recommandation spéculative de BÖRSE ONLINE.,Die Aktie ist eine laufende spekulative BÖRSE-ONLINE-Empfehlung.,ok,GXI.DE,2026-09-18
non precise,nouvelle,Gilead Sciences,885823,Börse Online 39/2026,2026-09-18,28,K AUFEN / Neuempfehlung,"125,88 €","150,00 €","112,00 €",Mittel,,"La société dispose de deux thérapies CAR-T approuvées générant un chiffre d'affaires annuel combiné de 1,9 milliard de dollars et développe une nouvelle approche pour le myélome multiple.",Gilead Sciences in € K AUFEN Z Neuempfehlung Jetzt direkt handeln!,ok,GILD,2026-09-18
non precise,mise à jour,GTT,GD50,Börse Online 27/2026,2026-06-26,59,K AUFEN,"188,00 €","230,00 €","160,00 €",Mittel,,Le leader mondial français de la technologie des réservoirs pour GNL a obtenu un énorme contrat qui sécurise ses revenus à long terme et confirme sa position dominante.,Der Dauerfavorit der Redaktion bestätigt seine herausragende Stellung und ist weiterhin kaufenswert.,ok,GTT.PA,2026-06-26
non precise,confirmée,Hensoldt,HAG000,Börse Online 33/2026,2026-08-07,110,"Kaufsignal beim laufen die Gleitenden Durchschnitte der vergangenen 38, 55 und 200 Börsentage...","85,96 €","115,00 €","66,50 €",Hoch,,La phase baissière est terminée pour cette valeur de défense. Les moyennes mobiles indiquent une tendance haussière.,"Diese Baisse-Phase ist für den Rüstungswert nunmehr beendet, und man kann das um 115 Euro auf Schlusskursbasis liegende Top als Zielkurs ausrufen.",ok,HAG.DE,2026-08-07
non precise,dérivé,Hensoldt-Capped-Call,UN6H7S,Börse Online 33/2026,2026-08-07,110,"Capped-Call. Der Schein wird um 45 Prozent steigen, wenn der Basiswert per saldo bis Mitte März...","6,90 €","10,00 €","4,50 €",Sehr hoch,,Alternative pour les investisseurs risqués. Le titre pourrait monter de 45 % si la base baisse jusqu'à mi-mars.,Eine Alternative für risikobewusste Güter bietet der ausgewählte Hensoldt-Capped-Call.,ok,,2026-08-07
non precise,sélection,HERTHA BSC,SE 001 133 705 4,Euro 10/2026,2026-10,86,EURO-EMPFEHLUNG,"99,65 %",,,beträchtliche Risiken / sportliche Rückschläge oder neue Finanzierungsprobleme,,"La dette offre un coupon attractif de 6,5 %. Une saison réussie pourrait augmenter les revenus et stabiliser le titre.",Die Anleihe der Hertha BSC GmbH & Co. KGaA läuft noch bis November 2028.,ok,,2026-09-09
non precise,confirmée,Hornbach Holding,608340,Börse Online 39/2026,2026-09-18,31,K AUFEN,"82,50 €","110,00 €","72,50 €",Mittel,,"Le titre est modérément évalué avec un PER de 8,3 pour 2027. La solidité opérationnelle et le portefeuille immobilier offrent une sécurité.","Der Titel ist mit einem KGV von 8,3 für 2027 moderat bewertet.",ok,HBH.DE,2026-09-18
non precise,nouvelle,Host Hotels and Resorts,918239,Börse Online 27/2026,2026-06-26,52,K AUFEN Neuempfehlung,"21,49 €","28,00 €","18,50 €",Mittel,,Le portefeuille a été ajusté vers des hôtels de luxe. La marge opérationnelle s'est améliorée et la prévision pour l'année entière a été relevée.,Weniger profitable Konferenz- und Stadthotels wurden verkauft und verstärkt in Luxusobjekte wie das Ritz-Carlton O’ahu sowie in die Modernisierung bestehender Objekte investiert.,ok,HST,2026-06-26
non precise,confirmée,Iberdrola,A0M46B,Börse Online 33/2026,2026-08-07,26,K AUFEN,"20,72 €","25,00 €","17,60 €",Hoch,,"L'entreprise présente une forte diversification, un bilan robuste et des dividendes fiables. Elle est bien valorisée avec un PER de 19,6 pour 2027.","Iberdrola in € K AUFEN ... GD50 KGV 2027e 19,6",ok,IBE.MC,2026-08-07
non precise,sélection,Iberdrola,A0M 46B,Euro 10/2026,2026-10,90,€URO-EMPFEHLUNG,"19,83 €",,,,,Investissement dans les infrastructures et énergies renouvelables.,"Infrastruktur, regenerative Energien",ok,IBE.MC,2026-09-09
non precise,nouvelle,ICL Group,,Börse Online 33/2026,2026-08-07,46,K AUFEN Neuempfehlung,"5,12 $","7,00 $","4,30 $",Mittel,,Le fabricant de tracteurs Deere (ICL Group) est recommandé pour son efficacité accrue grâce aux données et à l'IA dans le secteur agricole.,Der Traktorhersteller Deere sorgt durch Daten und KI für mehr Effizienz bei der Aussaat und beim Düngen.,à vérifier: identifiant,ICL,2026-08-07
non precise,sélection,Idexx Laboratories,US 451 68D104 6,Capital 07/2026,2026-07,93,Günstige Qualitätsaktien,,,,,,"Diagnostic vétérinaire jugé bon marché après la baisse : croissance des bénéfices prévue 9,0 %/an, PER 41,1 ; près de 1 Md $ de liquidités pour renforcer les revenus récurrents sous le nouveau PDG.",,ok,IDXX,2026-06-13
non precise,sélection,iMGP DBi Managed Futures Fund ETF,,Euro 10/2026,2026-10,44,"Anlegen wie Goldman Sachs €uro hat die Überlegungen von Goldman Sachs in eine 50:10:20:20-Strategie überführt und dazu passende ETFs, ETCs et Fonds ausgesucht.",,,,,,ETF de suivi des tendances (Managed Futures) pour profiter des mouvements de marché dans une stratégie alternative.,Anlegen wie Goldman Sachs €uro hat die Überlegungen von Goldman Sachs in eine 50:10:20:20-Strategie überführt,à vérifier: identifiant,,2026-09-09
non precise,nouvelle,Intellia Therapeutics,A2AG6H,Börse Online 39/2026,2026-09-18,26,K AUFEN Neuempfehlung,"10,48 €","20,00 €","7,25 €",Hoch,,Les analystes voient un potentiel de marché d'au moins 20 milliards de dollars pour Nex-z. Une autorisation pourrait déjà intervenir en 2028.,Analysten der Investmentbank William Blair sehen ein Marktpotenzial von Nex-z von mindestens 20 Milliarden.,ok,NTLA,2026-09-18
non precise,sélection,Intuitive Surgical,"CA 461 25T109 3 (tel qu'imprimé, douteux pour une société américaine)",Capital 07/2026,2026-07,93,Günstige Qualitätsaktien,,,,,,"Cours en baisse d'environ un quart depuis janvier après une cyberattaque et un rappel FDA, mais croissance intacte : chiffre d'affaires et bénéfice attendus en hausse à deux chiffres, PER 50,8.",,ok,ISRG,2026-06-13
non precise,confirmée,Ipsen,A0ESMG,Börse Online 27/2026,2026-06-26,21,K AUFEN,"155,50 €","185,00 €","132,50 €",Hoch,,"Ipsen est un titre de specialty-pharma sous-évalué avec une croissance cachée, un KGV attractif et des perspectives de consolidation favorables.",Und damit weisen die Franzosen dann eben doch versteckte Werte aus.,ok,IPN.PA,2026-06-26
non precise,confirmée (depuis 48/2025),Iridium Communications,A0YB48,Börse Online 27/2026,2026-06-26,64,K AUFEN / empf. in 48/2025,"36,50 €","50,00 €","30,90 €",Hoch,,La nouvelle action est le successeur légitime du réseau. Nous augmentons l'objectif de cours et le stop-loss.,Empfohlen haben wir zuletzt immer die neue Aktie. Mit Erfolg. Wir erhöhen Kursziel und Stoppkurs.,ok,IRDM,2026-06-26
non precise,sélection,iShares Automation & Robotics,,Euro 10/2026,2026-10,39,€URO-EMPFEHLUNG,,,,,,L'ETF se concentre sur l'automatisation et la robotique. L'article le recommande comme une option d'investissement.,iShares Automation & Robotics IE 00B YZK 455,à vérifier: identifiant,,2026-09-09
non precise,sélection,iShares Edge MSCI World Minimum Volatility ETF,IE00B8FHGS14,Euro 10/2026,2026-10,44,"Anlegen wie Goldman Sachs €uro hat die Überlegungen von Goldman Sachs in eine 50:10:20:20-Strategie überführt und dazu passende ETFs, ETCs und Fonds ausgesucht.",,,,,,ETF d'actions mondiales à faible volatilité pour limiter les risques dans un contexte de marché incertain.,Anlegen wie Goldman Sachs €uro hat die Überlegungen von Goldman Sachs in eine 50:10:20:20-Strategie überführt,ok,,2026-09-09
non precise,sélection,iShares Edge MSCI World Value Factor ETF,IE00BP3QZB59,Euro 10/2026,2026-10,44,"Anlegen wie Goldman Sachs €uro hat die Überlegungen von Goldman Sachs in eine 50:10:20:20-Strategie überführt und dazu passende ETFs, ETCs und Fonds ausgesucht.",,,,,,ETF d'actions mondiales à faible valorisation pour profiter des opportunités de marché dans une stratégie diversifiée.,Anlegen wie Goldman Sachs €uro hat die Überlegungen von Goldman Sachs in eine 50:10:20:20-Strategie überführt,ok,,2026-09-09
non precise,sélection,Iwatani,851 298,Euro 10/2026,2026-10,90,€URO-EMPFEHLUNG,448 €,,,,,Investissement dans les infrastructures et stations-service.,"Infrastruktur, Tankstellen",ok,8088.T,2026-09-09
non precise,nouvelle,Jenoptik,A2NB60,Börse Online 33/2026,2026-08-07,60,K AUFEN Neuempfehlung,"38,66 €","47,00 €","32,80 €",Hoch,,"Le titre profite du boom des semi-conducteurs et de la technologie photonique. Après une correction récente, l'entrée est recommandée avant les résultats trimestriels.",Risikofreudige Anleger können den Rücksetzer noch vor den Quartalszahlen ... zum erneuten Einstieg nutzen.,ok,JEN.DE,2026-08-07
non precise,sélection,Johnson & Johnson,,Euro 10/2026,2026-10,35,€URO-EMPFEHLUNG,"234,90 €",,,,,Le géant de la santé est un modèle de fiabilité avec une augmentation régulière des dividendes et une croissance dans l'oncologie.,Johnson & Johnson ist ein Muster an Verlässlichkeit,ok,JNJ,2026-09-09
non precise,sélection,JP Morgan Global Natural Resources,LU0208853274,Euro 10/2026,2026-10,44,"Anlegen wie Goldman Sachs €uro hat die Überlegungen von Goldman Sachs in eine 50:10:20:20-Strategie überführt und dazu passende ETFs, ETCs und Fonds ausgesucht.",,,,,,"ETF sur les ressources naturelles mondiales (pétrole, gaz, mines) pour profiter de la hausse des prix et diversifier.",Anlegen wie Goldman Sachs €uro hat die Überlegungen von Goldman Sachs in eine 50:10:20:20-Strategie überführt,ok,,2026-09-09
non precise,sélection,Jupiter Global Equity Absolute Return €-hdg,IE00BLP5S460,Euro 10/2026,2026-10,44,"Anlegen wie Goldman Sachs €uro hat die Überlegungen von Goldman Sachs in eine 50:10:20:20-Strategie überführt und dazu passende ETFs, ETCs et Fonds ausgesucht.",,,,,,Fond d'actions avec stratégie long-short couverte pour générer des rendements indépendants du marché boursier.,Anlegen wie Goldman Sachs €uro hat die Überlegungen von Goldman Sachs in eine 50:10:20:20-Strategie überführt,ok,,2026-09-09
non precise,sélection,Kawasaki Heavy Industries,858 920,Euro 10/2026,2026-10,90,€URO-EMPFEHLUNG,1.200 €,,,,,Investissement dans l'infrastructure et les porte-conteneurs.,"Infrastruktur, Tanker",ok,7012.T,2026-09-09
non precise,nouvelle,KSB,629200,Börse Online 27/2026,2026-06-26,22,KAUFEN / Neuempfehlung,"853,00 €","1.190,00 €","779,00 €",Hoch,,Le titre a chuté de 30% suite à une prudence excessive du management. L'entreprise reste un leader mondial des pompes nucléaires avec une forte position stratégique.,Der aktuelle Rücksetzer ist eine Einstiegsgelegenheit,ok,KSB3.DE,2026-06-26
non precise,confirmée (depuis 40/2024),KWS Saat,707400,Börse Online 33/2026,2026-08-07,45,K AUFEN empf in 40/2024,"71,10 €","95,00 €","65,00 €",Mittel,,Leader mondial du semencier avec plus de 50 % de part de marché. La position en Europe est solide.,Bei Zuckerrübensaatgut ist der Konzern nach eigenen Angaben mit einem Weltmarktanteil von über 50 Prozent klar die Nummer 1.,ok,KWS.DE,2026-08-07
non precise,sélection,L & G EM Gov. Bond (USD) 0-5Y EUR Hedged ETF,IE000MINO564,Euro 10/2026,2026-10,44,"Anlegen wie Goldman Sachs €uro hat die Überlegungen von Goldman Sachs in eine 50:10:20:20-Strategie überführt und dazu passende ETFs, ETCs et Fonds ausgesucht.",,,,,,ETF d'obligations de pays émergents en USD couvertes contre le risque change pour diversifier et protéger les rendements.,Anlegen wie Goldman Sachs €uro hat die Überlegungen von Goldman Sachs in eine 50:10:20:20-Strategie überführt,ok,,2026-09-09
non precise,sélection,L & G Global Robotics and Autom.,IE00BMW3QX54,Euro 10/2026,2026-10,39,€URO-EMPFEHLUNG,,,,,,Ce fonds est spécialisé dans la robotique mondiale. Il fait partie de la sélection présentée par le magazine.,L & G Global Robotics and Autom.,ok,,2026-09-09
non precise,nouvelle,Legend Biotech,A2P5AH,Börse Online 39/2026,2026-09-18,29,K AUFEN Neuempfehlung,"15,70 €","30,00 €","13,00 €",Hoch,,La société passe vers un profitabilité durable et l'action a un potentiel important grâce à la croissance du produit Carvykti.,"Der Vorstand und Mehrheitsinhaber der Herausgeberin Börsenmedien AG, Herr Bernd Förtsch, ist unmittelbar und mittelbar eingegangen",ok,LEGN,2026-09-18
non precise,confirmée (depuis 38/2025),Linde,A3D7VW,Börse Online 33/2026,2026-08-07,63,K AUFEN empf. in 38/2025,"420,00 €","500,00 €","350,00 €",Hoch,,Linde est devenu un grand bénéficiaire mondial de l'industrie et de la transition énergétique grâce à des contrats longs.,"Aus der deutschen Firma ist so ein globaler Profiteur von Industrie, Digitalisierung und Energiewende geworden.",ok,LIN,2026-08-07
non precise,sélection,Linde,A3D 7VW,Euro 10/2026,2026-10,90,€URO-EMPFEHLUNG,"420,00 €",,,,,Investissement dans les infrastructures.,Infrastruktur,ok,LIN,2026-09-09
non precise,confirmée,Logwin,A2DR54,Börse Online 27/2026,2026-06-26,25,K AUFEN,"266,00 €","320,00 €","230,00 €",Mittel,,"Le magazine recommande d'acheter Logwin en raison de son fort cashflow, de ses dividendes généreuses et de sa position conservatrice face aux risques de chaîne logistique.",Logwin hat einen hohen Cashflow und schüttet viel aus. Der absolute Streubesitz liegt bei rund 90 Millionen Euro.,ok,TGHN.DE,2026-06-26
non precise,confirmée,M1 Kliniken,A0STSQ,Börse Online 39/2026,2026-09-18,32,K AUFEN,"20,85 €","26,50 €","17,90 €",Hoch,,"Le secteur du beauty continue de progresser avec des marges élevées. Après la vente du segment pharmaceutique moins rentable, l'entreprise se concentre sur un modèle plus profitable.",Nach dem Verkauf des Pharmageschäfts wächst das Beautysegment profitabel.,ok,M12.DE,2026-09-18
non precise,confirmée,Marvell Technology Group,A3CNLD,Börse Online 27/2026,2026-06-26,7,K AUFEN,"248,40 €","295,00 €","210,00 €",Sehr hoch,,La demande pour les puces IA grandit. Les marges sont élevées et le potentiel de croissance reste intact si l'euphorie persiste.,"Die Nachfrage nach kundenspezifischen KI-Chips, sogenannten ASICs.",ok,MRVL,2026-06-26
non precise,confirmée,Merck & Co.,A0YD8Q,Börse Online 39/2026,2026-09-18,22,K AUFEN,"124,86 €","145,00 €","106,00 €",Hoch,,Le titre est sous-évalué à 58 % par rapport au cash. La diversification stratégique et les nouveaux moteurs de croissance comme Lipfendra offrent un potentiel d'outperformance.,Die strategische Diversifikation ist bei Biontech von fundamentaler Substanz.,ok,MRK,2026-09-18
non precise,sélection,Mitsubishi UFJ Financial Group,WKN 657892,Euro 07/2026,2026-07,99,Vier Aktien und ein ETF für Nippon,"16,29 €",,,,,"Sélection Japon de la rédaction (« Anleger sollten die genannten vier Titel auf dem Zettel haben ») : première banque du Japon ; PER 2027 13,2, dividende 3,0 %.",,ok,8306.T,2026-06-03
non precise,sélection,Mitsui Fudosan,WKN 858019,Euro 07/2026,2026-07,99,Vier Aktien und ein ETF für Nippon,"8,20 €",,,,,"Sélection Japon de la rédaction (« Anleger sollten die genannten vier Titel auf dem Zettel haben ») : premier promoteur immobilier du Japon, cote près ou sous la valeur comptable ; Elliott pousse à des changements.",,ok,8801.T,2026-06-03
non precise,confirmée (depuis 12/2023),MLP,656990,Börse Online 33/2026,2026-08-07,55,K AUFEN empf. in 12/2023,"7,76 €","10,00 €","6,75 €",Hoch,,Le fournisseur de services financiers MLP devrait bénéficier d'une plus grande importance accordée à l'épargne individuelle.,Das Thema individuelle Altersvorsorge wird künftig einen höheren Stellenwert einnehmen.,ok,MLP.DE,2026-08-07
non precise,confirmée (depuis 12/23),MLP,656990,Börse Online 39/2026,2026-09-18,56,K AUFEN empf. 12/23,"9,03 €","11,00 €","7,75 €",Mittel,,L'entreprise profite d'une forte croissance des bénéfices et de la réforme du système de retraite. Une augmentation probable du dividende renforce l'attrait.,Nach einem zu erwartenden hohen zweistelligen Gewinnzuwachs ist somit auch im kommenden Jahr mit einem zweistelligen Gewinnplus zu rechnen.,ok,MLP.DE,2026-09-18
non precise,sélection,MS & AD Insurance,WKN A0NFRH,Euro 07/2026,2026-07,99,Vier Aktien und ein ETF für Nippon,"23,00 €",,,,,"Sélection Japon de la rédaction (« Anleger sollten die genannten vier Titel auf dem Zettel haben ») : deuxième assureur japonais, cible logique d'une extension de Berkshire après Tokio Marine ; dividende 3,9 %.",,ok,8725.T,2026-06-03
non precise,sélection,MUNICH RE,,Euro 10/2026,2026-10,36,€URO-EMPFEHLUNG,"516,40 €",,,,,Munich Re est un leader mondial diversifié avec une expertise décennale en modélisation des risques et une histoire de paiement régulier de dividendes.,Die Munich Re zählt zu den verlässlichsten Dividendenzahlern im DAX.,ok,MUV2.DE,2026-09-09
non precise,sélection,Munters Group,A2D RVZ,Euro 10/2026,2026-10,66,attraktiver Spieler,"14,35 €",,,,,Klimatechnik für Rechenzentren boomt.,"Munters Group A2D RVZ 14,35 ... attraktiver Spieler",ok,MTRS.ST,2026-09-09
non precise,nouvelle,Mutares,A2NB65,Börse Online 33/2026,2026-08-07,32,K AUFEN / Neuempfehlung,"27,40 €","31,50 €","22,70 €",Hoch,,"Le modèle d'entreprise scalable et la pipeline de sorties bien remplie promettent des flux de liquidités à court terme. La rentabilité en dividendes (5,5 %) rend l'action intéressante pour les investisseurs orientés revenus.",Das hohe Transaktionsvolumen und die gut gefüllte Exit-Pipeline sprechen für ein skalierbares Geschäftsmodell.,ok,MUX.DE,2026-08-07
non precise,confirmée,Nestlé,A0Q4DC,Börse Online 33/2026,2026-08-07,19,K AUFEN,"86,11 €","110,00 €","75,00 €",Mittel,,Nestlé stabilise ses opérations et poursuit sa transformation stratégique malgré les défis des prix du café.,Die jüngsten Zahlen zeigen eine operative Stabilisierung.,ok,NESN.SW,2026-08-07
non precise,confirmée (depuis 17/2024),Nestlé,A0Q4DC,Börse Online 39/2026,2026-09-18,65,K AUFEN Empf. in 17/2024,"83,05 €","110,00 €","75,00 €",Hoch,,"Nestlé reste une firme globale avec des marques légendaires et un dividende fiable. Malgré la croissance lente, l'achat est justifié par le rendement.","Ein globaler Konzern mit Nescafé, Kitkat und Maggi, mit sagenhaften Marken und verlässlicher Dividende.",ok,NESN.SW,2026-09-18
non precise,nouvelle,Netapp,A0NHKR,Börse Online 39/2026,2026-09-18,42,K AUFEN Neuempfehlung,"165,56 €","195,00 €","138,50 €",Hoch,,La transformation de Netapp vers la gestion des données et le cloud est honorée par les marchés. La forte demande pour ses systèmes Flash ouvre une opportunité d'achat.,Die Korrektur der Netapp-Aktie seit dem Allzeithoch Mitte August fiel mit gut zehn Prozent moderater aus als bei vielen ande ren Techtiteln.,ok,NTAP,2026-09-18
non precise,sélection,Netflix,US1011371077,Capital 07/2026,2026-07,92,Günstige Qualitätsaktien,,,,,,Netflix est un investissement solide malgré la baisse récente du cours. Les analystes recommandent l'achat avec une croissance des bénéfices attendue de plus de 50 %.,"Von 52 Analysten, die die Aktie des Streamingdiensts beobachten, empfehlen sie 40 zum Kauf.",ok,NFLX,2026-06-13
non precise,sélection,NOVARTIS,,Euro 10/2026,2026-10,36,€URO-EMPFEHLUNG,"134,32 €",,,,,"Novartis est un leader pharmaceutique européen centré sur l'oncologie et l'immunologie, avec une croissance portée par la R&D.",Die Schweizer zählen zu den drei größten Pharmaunternehmen Europas.,ok,NOVN.SW,2026-09-09
non precise,mise à jour,OC Oerlikon,863037,Börse Online 39/2026,2026-09-18,58,K AUFEN,"5,50 €","7,00 €","4,65 €",Mittel,,L'entreprise a achevé sa transformation et mise l'accent sur le secteur à forte marge de la technologie des surfaces. Le potentiel de croissance réside également dans l'impression 3D pour l'aérospatial.,Demnach soll sich der Fokus auf das margenstarke Oberflächengeschäft verschieben.,ok,OERL.SW,2026-09-18
non precise,nouvelle,Paramount,A2RYJP,Börse Online 27/2026,2026-06-26,108,K AUFEN Neuempfehlung,"95,87 %",,,Sehr hoch,,Le titre est recommandé en raison de la rentabilité attractive malgré le risque élevé lié à l'endettement du groupe.,Doch die Rendite ist verlockend. Wer traut sich?,ok,,2026-06-26
non precise,nouvelle,Planoptik,A0HGQS,Börse Online 39/2026,2026-09-18,36,K AUFEN Neuempfehlung,"6,98 €","10,50 €","5,97 €",Hoch,,La demande se rétablit et les indicateurs opérationnels s'améliorent. Les nouveaux projets de série à partir de 2027 offrent un potentiel de croissance.,Neue Kundenprojekte sollen 2027 in Serienfertigung gehen und einen zusätzlichen Umsatzhebel schaffen.,ok,P4O.DE,2026-09-18
non precise,sélection,PROLOGIS,,Euro 10/2026,2026-10,36,€URO-EMPFEHLUNG,"118,26 €",,,,,Prologis est le leader incontesté des immeubles logistiques avec une occupation de près de 95 % et un portefeuille mondial.,Prologis ist der unangefochtene Weltmarktführer bei Logistikimmobilien.,ok,PLD,2026-09-09
non precise,nouvelle,RAIFFEISEN INTERNATIONAL,A0D9SU,Börse Online 33/2026,2026-08-07,61,K AUFEN Neuempfehlung empf. in 09/2026,"61,70 €","66,00 €","48,50 €",Hoch,,La banque a terminé l'acquisition d'Addiko Bank et contrôle plus de 55 % des parts. Le deal offre une prime élevée sur la valeur comptable.,Die Bewertung ist attraktiv — Kursziel und Stoppkurs werden angehoben.,ok,RBI.VI,2026-08-07
non precise,nouvelle,Reply SpA,A2G9K9,Börse Online 27/2026,2026-06-26,27,KAUFEN / Neuempfehlung,"92,50 €","120,00 €","80,00 €",Hoch,,"Reply est bien évalué avec un multiple EV/EBIT de 8,1. La forte position nette et la croissance du chiffre d'affaires offrent une marge pour investir ou distribuer des dividendes.","Mit einem EV/EBIT-Multiple von 8,1 ist Reply derzeit moderat bewertet.",ok,REY.MI,2026-06-26
non precise,sélection,Resmed,US 761 152107,Capital 07/2026,2026-07,95,Günstige Qualitätsaktien,,,,,,Resmed a augmenté de manière fiable son chiffre d'affaires et ses bénéfices au cours des derniers trimestres. L'action offre des perspectives de plus-value en bourse.,"Und ermittelte in einer Studie: Wer mit einer Abnehmspritze Gewicht verliert, entscheidet sich oft für eine teure Therapie der Apnoe.",ok,RMD,2026-06-13
non precise,mise à jour,Rio Tinto,852147,Börse Online 33/2026,2026-08-07,56,K AUFEN,"104,00 €","120,00 €","88,50 €",Mittel,,"Rio Tinto diversifie ses activités (aluminium, cuivre) et affiche une croissance forte du bénéfice net. La hausse de la dividende renforce l'attractivité.",Der Bergbauriese Rio Tinto der Umsatz verdoppelte sich nahezu.,ok,RIO.L,2026-08-07
non precise,confirmée,Robinhood,A3CVQC,Börse Online 27/2026,2026-06-26,45,K AUFEN,"86,96 €","120,00 €","70,00 €",Mittel,,La réstructuration démontre une discipline de coûts et un potentiel de monétisation élevé. L'intégration de Bitstamp et le lancement de Rothera renforcent la rentabilité et ouvrent de nouvelles sources de revenus.,"Das Unternehmen demonstriert damit eine Kostendisziplin, die den Gewinnhebel bei anziehenden Marktvolmina erheblich verstärkt.",ok,HOOD,2026-06-26
non precise,mise à jour,Rolls-Royce,919520,Börse Online 33/2026,2026-08-07,57,K AUFEN,"17,90 €","19,70 €","13,90 €",Hoch,,Le constructeur de moteurs Rolls-Royce améliore sa marge et vise un bénéfice opérationnel plus élevé pour 2026 grâce à une transformation stratégique.,Die Erfolsstory des Triebwerksbauers Rolls-­Royce unter Führung von Tufan Erginbilgiç geht weiter.,ok,RR.L,2026-08-07
non precise,confirmée (depuis 39/2024),RWE,,Börse Online 27/2026,2026-06-26,62,K AUFEN empf. in 39/2024,"54,76 €","69,40 €","50,00 €",Mittel,,Les investissements accrus dans le réseau électrique devraient ouvrir de nouveaux potentiels de cours grâce à des revenus plus stables.,Die verstärkten Investitionen ins Netzgeschäft ... könnten von dort aus neues Kurspotenzial eröffnen.,à vérifier: identifiant,RWE.DE,2026-06-26
non precise,confirmée,RWE,703712,Börse Online 33/2026,2026-08-07,25,K AUFEN,"57,38 €","69,00 €","47,80 €",Hoch,,Le titre est recommandé pour sa rentabilité opérationnelle stable et ses perspectives de croissance du dividende jusqu'en 2031.,RWE in € K AUFEN empf. in 39/2024 Jetzt direkt handeln!,ok,RWE.DE,2026-08-07
non precise,sélection,Sandvik,865 956,Euro 10/2026,2026-10,90,€URO-EMPFEHLUNG,"33,20 €",,,,,Investissement dans les équipementiers d'infrastructure.,Infrastrukturausrüster,ok,SAND.ST,2026-09-09
non precise,confirmée (depuis 12/2026),Sanofi,920657,Börse Online 33/2026,2026-08-07,60,K AUFEN empf. in 12/2026,"74,34 €","95,00 €",,Hoch,,Les résultats ont dépassé les attentes malgré la dépendance au produit Dupixent. La nouvelle direction a du temps pour remplir le pipeline.,"Sanofi bleibt ein Unternehmen mit Substanz. Die neue Chefin hat genug Zeit, die Pipeline zu füllen.",ok,SAN.PA,2026-08-07
non precise,sélection,Schneider Electric,860 180,Euro 10/2026,2026-10,66,"Weltkonzern und Profiteur der industriellen KI, dynamisch","285,85 €",,,,,Multinationale et bénéficiaire de l'IA industrielle.,Schneider Electric 860 180 ... Weltkonzern und Profiteur,ok,SU.PA,2026-09-09
non precise,confirmée,Scout24,A12DM8,Börse Online 39/2026,2026-09-18,40,K AUFEN,"74,15 €","95,00 €","65,90 €",,,L'achat est conseillé car le cours a chuté de moitié et que l'image du graphique s'est améliorée après un creux en mars.,"Der Aktienkurs hat sich in der Spitze nahezu halbiert. Ein Grund ist die Sorge, dass durch KI neue Konkurrenten in den Markt drängen könnten.",ok,G24.DE,2026-09-18
non precise,mise à jour,Semperit,870378,Börse Online 39/2026,2026-09-18,57,K AUFEN,"18,25 €","20,00 €","15,40 €",Mittel,,Le spécialiste des polymères industriels affiche une forte croissance grâce à son segment Engineered Applications. Les résultats du deuxième trimestre ont dépassé les attentes et la prévision annuelle a été relevée.,Der Spezialist für industrielle Polymerprodukte aus Österreich überzeugt mit einem starken zweiten Quartal.,ok,SEM.VI,2026-09-18
non precise,sélection,Siemens,723 610,Euro 10/2026,2026-10,61,€URO-EMPFEHLUNG,"271,80 €",,,,,Siemens est une entreprise technologique focalisée avec des revenus stables et un potentiel de croissance structurel. Elle profite du boom des centres de données.,Stabile Erlöse und strukturellles Wachstum sprechen aber für langfristiges Potenzial.,ok,SIE.DE,2026-09-09
non precise,sélection,Siemens Energy,ENE R6Y,Euro 10/2026,2026-10,90,€URO-EMPFEHLUNG,"139,74 €",,,,,Investissement dans les infrastructures de réseau et l'éolien.,"Netzinfrastruktur, Windkraft",ok,ENR.DE,2026-09-09
non precise,sélection,Singtel,SG 1T7 593149 6,Capital 07/2026,2026-07,93,Günstige Qualitätsaktien,,,,,,"Leader des télécoms à Singapour, chahuté par la panne d'Optus et la guerre des prix ; PER 12,4, « klar unterbewertet » et intéressant pour des investisseurs patients.",,ok,Z74.SI,2026-06-13
non precise,nouvelle,SpaceX,A42D4F,Börse Online 33/2026,2026-08-07,59,K AUFEN Neuempfehlung,"100,48 €","150,00 €","85,00 €",Hoch,,L'entreprise offre un mélange intéressant pour le portefeuille grâce à son réseau de communication unique et ses satellites Starlink.,Mittelfristig erscheint die Aktie jedoch eine interessante Beimischung im Depot.,ok,SPCX,2026-08-07
non precise,confirmée,Subsea 7,889539,Börse Online 39/2026,2026-09-18,48,K AUFEN,"28,78 €","37,60 €","24,60 €",Hoch,,Subsea 7 est l'un des rares fournisseurs Tier-1 pour les infrastructures d'infrastructure sous-marine. Le goulot d'étranglement aux navires spécialisés assure une rentabilité future.,"Für den Aufbau der Infrastruktur am Meeresboden, den SURF-Systemen für Leitungen und Kabel, ist Subsea 7 zusammen mit TechnipFMC einer der wenigen Tier-1-Anbieter.",ok,SUBC.OL,2026-09-18
non precise,sélection,SÜDZUCKER,XS2970728205,Euro 07/2026,2026-07,102,€URO-EMPFEHLUNG,"99,73 %",,,,,Le bond de Südzucker jusqu'en 2032 offre une rentabilité d'environ 4 % avec un risque réduit grâce à la forte position liquiditaire du groupe et son rating Investment-Grade.,Die starke Liquiditätsposition des Unternehmens verringert das Risiko,ok,,2026-06-03
non precise,confirmée,Talanx,TLX100,Börse Online 27/2026,2026-06-26,42,K AUFEN,"105,40 €","145,00 €","89,00 €",Mittel,,Le secteur des assurances de biens allemandes a été sous-évalué à la bourse. Une réévaluation fondamentale pourrait survenir.,Deutsche Sachversicherungen kamen zuletzt an der Börse zu schlecht weg.,ok,TLX.DE,2026-06-26
non precise,nouvelle,Teekay Tankers,A40R4Z,Börse Online 39/2026,2026-09-18,47,K AUFEN Neuempfehlung,"86,65 €","113,00 €","73,70 €",Hoch,,Opérationnelle forte face aux tensions géopolitiques et bilan sain avec réduction de la dette.,Diese operative Stärke trifft auf eine sanierte Konzernbilanz.,ok,TNK,2026-09-18
non precise,sélection,Thomson Reuters,CA 884 903881,Capital 07/2026,2026-07,95,Günstige Qualitätsaktien,,,,,,Thomson Reuters a racheté des actions et augmenté leur valeur. L'action reste recommandée à l'achat malgré les fluctuations à court terme.,Die Kanadier verringerten zugleich die Zahl der Aktien und erhöhten so den Wert des einzelnen Papiers.,ok,TRI.TO,2026-06-13
non precise,confirmée (depuis 20/2026),Thyssenkrupp,,Börse Online 27/2026,2026-06-26,62,K AUFEN empf. in 20/2026,"10,27 €","15,00 €","9,70 €",Hoch,,La transformation du groupe vers une structure de holding et la vente d'une participation sont sur bonne voie.,Der Konzernumbau Richtung einer Holding ist auf einem gutem Weg.,à vérifier: identifiant,TKA.DE,2026-06-26
non precise,confirmée,Thyssenkrupp,750000,Börse Online 33/2026,2026-08-07,37,K AUFEN,"12,48 €","17,50 €","10,50 €",Mittel,,Le groupe a réalisé des améliorations de résultats grâce à la baisse des coûts et une transformation réussie vers un modèle plus agile.,Aus dem Dornröschenschlaf erwacht ist der Stahlkonzern Thyssenkrupp.,ok,TKA.DE,2026-08-07
non precise,sélection,THYSSENKRUPP,,Euro 10/2026,2026-10,62,€URO-EMPFEHLUNG,"15,29 €",,,,,Recommandation Euro pour ThyssenKrupp dans le contexte de la reprise en Europe et des signaux positifs.,"€URO-EMPFEHLUNG THYSSENKRUPP 1 WKN 750 000 Kurs 15,29 €",ok,TKA.DE,2026-09-09
non precise,nouvelle,Thyssenkrupp Marine Systems,TKMS00,Börse Online 27/2026,2026-06-26,8,K AUFEN Neuempfehlung,"72,10 €","100,00 €","62,00 €",Hoch,,Un contrat de plus de 7 milliards d'euros avec la marine canadienne pourrait entraîner une réévaluation du titre et assurer la visibilité des commandes jusqu'aux années 2040.,Eine bedeutende Order könnte Thyssenkrupp Marine Systems (TKMS) erhalten. Es geht um einen umgerechnet mehr als sieben Milliarden Euro schweren Auftrag der kanadischen Marine.,ok,TKMS.DE,2026-06-26
non precise,sélection,Thyssenkrupp/TKMS,,Euro 10/2026,2026-10,61,€URO-EMPFEHLUNG,,,,,,"Malgré des coûts de restructuration élevés et une vulnérabilité conjoncturelle, les signes sont positifs. La stratégie de López a porté ses fruits.",Inzwischen hat Chef Miguel López operativ die Wende eingeleitet.,ok,TKA.DE,2026-09-09
non precise,sélection,TKMS,,Euro 10/2026,2026-10,62,€URO-EMPFEHLUNG,"83,70 €",,,,,Recommandation Euro pour TKMS avec un potentiel de hausse d'environ 50% selon Bernstein.,"Bernstein erhöhte das Kursziel auf 125 Euro, macht knapp 50 Prozent Potenzial.",ok,TKMS.DE,2026-09-09
non precise,mise à jour,Tonies,A3CM2W,Börse Online 27/2026,2026-06-26,58,K AUFEN,"11,98 €","15,30 €","10,20 €",Hoch,,Le fabricant de jouets Tonies maintient son cours haussier et a clairement formulé ses ambitions pour 2030.,Der Spielzeughersteller Tonies bleibt auf Wachstumskurs. Beim Capital Markets Day vergangene Woche hat das Unternehmen seine Ambitionen klar formuliert.,ok,TNIE.DE,2026-06-26
non precise,mise à jour,Totalenergies,850727,Börse Online 27/2026,2026-06-26,58,K AUFEN,"70,44 €","85,00 €","58,00 €",Mittel,,La signature de l'accord-cadre mettant fin à la guerre en Iran a exercé une forte pression sur le prix du pétrole.,Die Unterzeichnung des Rahmenabkommens zur Beendigung des Iran-Kriegs Mitte vergangener Woche hat für mächtig Druck auf den Ölpreis gesorgt.,ok,TTE.PA,2026-06-26
non precise,confirmée,TotalEnergies,850727,Börse Online 33/2026,2026-08-07,26,K AUFEN,"76,22 €","92,00 €","64,80 €",Hoch,,Le groupe diversifie ses activités et stabilise son résultat en transmettant les fluctuations de prix aux clients. Il investit massivement dans l'énergie renouvelable.,"Totalenergies ist aufgeteilt in fünf Segmente, die primär über das bereinigte Netobetriebsergebnis (adjusted Net Operating Income) gesteuert werden.",ok,TTE.PA,2026-08-07
non precise,nouvelle,Totalenergies,,Börse Online 39/2026,2026-09-18,110,Neuempfehlung,"79,70 €","100,00 €","64,75 €",Mittel,,L'action française TotalEnergies attaque un niveau de résistance prometteur. Un signal d'achat technique sur charte suggère une hausse potentielle vers 100 euros.,"Wird dieser Kursdeckel erhoben, dann ergibt sich ein mögliches Potenzial bis zur bedeutenden 100er-Marke.",ok,TTE.PA,2026-09-18
non precise,sélection,TotalEnergies,850 727,Euro 10/2026,2026-10,37,€URO-EMPFEHLUNG,"77,24 €",,,,,"Le modèle d'affaires repose sur le pétrole/gaz et les énergies renouvelables. Forte croissance du cash-flow opérationnel, dividende croissant depuis 21 ans et coûts de production bas.",Niedrige Förderkosten und ein wachsender Cashflow machen den Konzern zum verlässlichen Dividendenzahler.,ok,TTE.PA,2026-09-09
non precise,dérivé,Totalenergies-Capped-Call,,Börse Online 39/2026,2026-09-18,110,Neuempfehlung,"5,38 €","7,50 €","3,80 €",Hoch,,Ce produit dérivé offre une rentabilité latérale élevée de 39 %. Il est recommandé comme alternative d'investissement lucrative à l'action sous-jacente.,Als lukrative Anlagealternative zur Aktie bietet sich der gut drei Monate laufende Totalenergies-Capped-Call an.,ok,,2026-09-18
non precise,confirmée,Traton,TRAT0N,Börse Online 33/2026,2026-08-07,31,K AUFEN,"40,68 €","60,00 €","34,50 €",Mittel,,Traton a achevé son turnaround opérationnel avec des marges en hausse et une rentabilité qui se rapproche de l'objectif. Le marché sous-évalue encore la société par rapport à ses pairs américains.,"Auf Basis der Schätzungen für das laufende Geschäftsjahr liegt das Kurs-Gewinn-Verhältnis (KGV) der Aktie bei etwa 9,1.",ok,8TRA.DE,2026-08-07
non precise,sélection,TRATON,,Euro 10/2026,2026-10,62,€URO-EMPFEHLUNG,"38,12 €",,,,,Recommandation Euro pour Traton suite à la forte augmentation des commandes et diversification internationale.,"€URO-EMPFEHLUNG TRATON 1 WKN TRA T0N Kurs 38,12 €",ok,8TRA.DE,2026-09-09
non precise,sélection,Trimble,US 896 239100 4,Capital 07/2026,2026-07,94,Günstige Qualitätsaktien,,,,,,Technologie für präzise Landmaschinen; Analysten empfehlen Kauf trotz kurzfristiger Unsicherheiten.,Ganz vage erwähnte das Management während der Präsentation der Zahlen fürs erste Quartal neue Aufträge,ok,TRMB,2026-06-13
non precise,sélection,Tyler Technologies,US 902 252105 1,Capital 07/2026,2026-07,96,Günstige Qualitätsaktien,,,,,,Candidat fiable à un retournement avec des revenus récurrents en hausse et une marge améliorée.,Für Anleger ein verlässlicher Turnaround-Kandidat.,ok,TYL,2026-06-13
non precise,mise à jour,Umicore,A2H5A3,Börse Online 33/2026,2026-08-07,54,K AUFEN,"22,00 €","27,00 €","16,69 €",Mittel,,Les résultats solides du recyclage et la demande forte pour le germanium justifient une hausse des cibles.,Die nächste Hürde liegt bei 27 Euro.,ok,UMI.BR,2026-08-07
non precise,nouvelle,Unilever PLC,A41NM1,Börse Online 33/2026,2026-08-07,20,K AUFEN Neuempfehlung,"55,75 €","65,00 €","47,50 €",Mittel,,La plus grande entreprise offre des modèles d'affaires robustes et des dividendes fiables.,Die größte Herausforderung bleibt der intensive Wettbewerb im Lebensmittelhandel.,ok,ULVR.L,2026-08-07
non precise,mise à jour,Uniqa,928900,Börse Online 33/2026,2026-08-07,54,K AUFEN,"18,00 €","21,00 €","15,00 €",Mittel,,La baisse des coûts de sinistralité et la croissance du volume d'assurance en Europe de l'Est soutiennent les perspectives.,Der Trend ist aufwärtsgerichtet. Daher werden Stoppkurs und Zielkurs erhöht.,ok,UQA.VI,2026-08-07
non precise,nouvelle,United Utilities,A0Q4EC,Börse Online 33/2026,2026-08-07,28,K AUFEN Neuempfehlung,"16,41 €","20,00 €","13,70 €",Hoch,,Titre solide avec protection contre l'inflation via les dividendes et un monopole régional garanti par la régulation.,Unter dem Strich ein solider Dividendentitel mit Inflationsschutz bei den Ausschüttungen.,ok,UU.L,2026-08-07
non precise,nouvelle,Urban Outfitters,URBN,Börse Online 33/2026,2026-08-07,43,K AUFEN / Neuempfehlung,"67,09 €","78,00 €","57,00 €",Hoch,,La marque s'est développée positivement après plusieurs années de faiblesse et montre des signes d'amélioration des résultats.,Urban Outfitters zuletzt positiv entwickelt und zeige nun Anzeichen einer Ergebnisverbesserung.,ok,URBN,2026-08-07
non precise,confirmée,VanEck Global Fallen Angel High Yield Bond ETF,A2JEMG,Börse Online 27/2026,2026-06-26,106,K AUFEN,"66,28 €",,,,,Le magazine recommande cet ETF pour les investisseurs risqués grâce aux bons de 'fallen angels' offrant une rentabilité élevée.,Für risikofreudige Investoren ergeben sich dagegen gute Einstiegsmöglichkeiten.,ok,,2026-06-26
non precise,sélection,VAT Group,A2A GGY,Euro 10/2026,2026-10,66,€uro-Favorit,"642,40 €",,,,,Marktführer Vakuumventile für Chipproduktion.,"VAT Group A2A GGY 642,40 ... €uro-Favorit",ok,VACN.SW,2026-09-09
non precise,sélection,Veeva Systems,US 922 475108 4,Capital 07/2026,2026-07,96,Günstige Qualitätsaktien,,,,,,Les premiers résultats peuvent déjà se manifester ; certains clients ont déjà procédé à la migration et le cours de l'action progresse.,Was sie nicht ahnten: Das war der Einstieg in eine wüste Bieterschlacht.,ok,VEEV,2026-06-13
non precise,confirmée,Veolia Environnement,501451,Börse Online 33/2026,2026-08-07,29,K AUFEN,"34,49 €","45,00 €","26,50 €",Hoch,,Veolia est le leader mondial du recyclage avec des marges élevées dans l'eau et les déchets. L'acquisition de Clean Earth stimule la croissance.,"Die Großen verfügen nicht über die Technologie, nicht über die Netzwerke und auch nicht über die Kompetenz für die regulatorische Komplexität beim Recycling von Stahl- und Zinkstaub",ok,VIE.PA,2026-08-07
non precise,sélection,Verizon,868 402,Euro 10/2026,2026-10,37,€URO-EMPFEHLUNG,"43,17 €",,,,,Opérateur de télécoms US dominant avec des contrats mobiles à long terme. Expansion du réseau fibre et services 5G. Cash-flow libre en hausse de 24% au T2.,Seit der Übernahme von Frontier Communications baut Verizon sein Glasfasernetz stark aus.,ok,VZ,2026-09-09
non precise,mise à jour,Victoria's Secret,A3CU0R,Börse Online 33/2026,2026-08-07,58,K AUFEN,"76,64 €","85,00 €","65,00 €",Hoch,,Le consensus des analystes est au niveau supérieur du corridor de prévision. Le cours a grimpé après les résultats attendus.,Der Analystenkonsens liegt inzwischen am oberen Rand des vom Unternehmen ausgegebenen Prognosekorridors.,ok,,2026-08-07
non precise,nouvelle,Viking Therapeutics,A0YJW7,Börse Online 39/2026,2026-09-18,20,K AUFEN / Neuempfehlung,"36,85 €","47,00 €","31,90 €",Hoch,,Viking Therapeutics est bien positionné dans le secteur des peptides en croissance avec de fortes perspectives commerciales.,Wir nehmen die Dänen in unsere Empfehlungsliste auf.,ok,VKTX,2026-09-18
non precise,sélection,Vinci,867 475,Euro 10/2026,2026-10,37,€URO-EMPFEHLUNG,"113,35 €",,,,,Gestionnaire de plus de 70 aéroports et autoroutes. Marge opérationnelle élevée (8%) dans le secteur des concessions. Revenus stables couplés à l'inflation.,Vinci betreibt hier mehr als 70 Flughäfen weltweit und über 4.400 Kilometer Mautautobahnen.,ok,DG.PA,2026-09-09
non precise,nouvelle,VIVENDI,591068,Börse Online 33/2026,2026-08-07,61,K AUFEN Neuempfehlung,"1,63 €","2,90 €","1,35 €",Hoch,,L'entreprise est vendue sous sa valeur intrinsèque. La spéculation sur une offre d'achat par Bolloré a échoué.,"Größte Beteiligung von Vivendi ist Universal Music Group, sie deckt Börsenwert und Nettoschulden der Gruppe ab.",ok,VIV.PA,2026-08-07
non precise,confirmée (depuis 24/2024),Voestalpine,897200,Börse Online 27/2026,2026-06-26,29,K AUFEN empf. in 24/2024,"43,10 €","52,00 €","36,90 €",Hoch,,L'entreprise a réussi une transformation opérationnelle avec des marges améliorées et un cashflow solide. Le secteur ferroviaire bénéficie d'un soutien européen massif.,Die Aktie hat diese Wende bereits antizipiert: In den vergangenen zwölf Monaten verdoppelte sich der Kurs.,ok,VOE.VI,2026-06-26
non precise,dérivé,Volkswagen Vz.,GD50,Börse Online 33/2026,2026-08-07,72,K AUFEN Neuempfehlung,"93,64 €",,"64,50 €",Hoch,,La ligne de 200 jours indique une baisse durable. Le MACD est négatif sur un an mais positif à court terme.,Die Volkswagen-Aktie ist gemessen am Double-Smoothed-Stochastics-Oszillator jedoch kurzfristig bereits wieder überkauft,ok,,2026-08-07
non precise,confirmée,W&W,805100,Börse Online 27/2026,2026-06-26,42,K AUFEN,"14,24 €","21,00 €","12,40 €",Mittel,,Le secteur des assurances de biens est sous-évalué. Le cours actuel ne reflète pas adéquatement la valeur du groupe.,Der Wert der Versicherung wird im Aktienkurs Z nicht adäquat abgebildet.,ok,WUW.DE,2026-06-26
non precise,sélection,Xtrackers FTSE All-World ex US ETF,,Euro 10/2026,2026-10,44,"Anlegen wie Goldman Sachs €uro hat die Überlegungen von Goldman Sachs in eine 50:10:20:20-Strategie überführt und dazu passende ETFs, ETCs und Fonds ausgesucht.",,,,,,ETF pour couvrir les actions mondiales hors États-Unis dans une stratégie diversifiée adaptée aux scénarios d'inflation.,Anlegen wie Goldman Sachs €uro hat die Überlegungen von Goldman Sachs in eine 50:10:20:20-Strategie überführt,à vérifier: identifiant,,2026-09-09
non precise,sélection,Xtrackers MSCI USA ETF,IE00BJ0KDR00,Euro 10/2026,2026-10,44,"Anlegen wie Goldman Sachs €uro hat die Überlegungen von Goldman Sachs in eine 50:10:20:20-Strategie überführt und dazu passende ETFs, ETCs und Fonds ausgesucht.",,,,,,ETF pour investir sur les actions américaines au sein d'un portefeuille équilibré recommandé par la stratégie Goldman Sachs.,Anlegen wie Goldman Sachs €uro hat die Überlegungen von Goldman Sachs in eine 50:10:20:20-Strategie überführt,ok,,2026-09-09
non precise,sélection,Xtrackers Nikkei 225 ETF,LU1875395870,Euro 07/2026,2026-07,99,Vier Aktien und ein ETF für Nippon,"99,84 €",,,,,"Sélection Japon de la rédaction (« Anleger sollten die genannten vier Titel auf dem Zettel haben ») : ETF sur le Nikkei 225 couvert contre le risque de change, réplication physique, frais 0,19 %.",,ok,,2026-06-03
non precise,confirmée,Zealand Pharma,A12GD6,Börse Online 39/2026,2026-09-18,20,K AUFEN,"27,00 €","50,00 €","23,60 €",Hoch,,"Zealand Pharma possède une pipeline bien financée et des partenariats stratégiques (Roche, Boehringer Ingelheim) qui sécurisent son développement à long terme.",Damit ist die Pipeline-Entwicklung für Jahre durchfinanziert.,ok,ZEAL.CO,2026-09-18
non precise,sélection,€uro Wasserstoff,,Euro 07/2026,2026-07,106,EURO-EMPFEHLUNG,?,?,?,null,,"Le portfolio investit dans toute la chaîne de valeur du vecteur énergétique hydrogène, un secteur en pleine expansion porté par les besoins énergétiques et le développement des technologies renouvelables.",Das Depot investiert in die komplette Wertschöpfungskette des Energieträgers Wasserstoff,"à vérifier: cours, objectif, stop",,2026-06-03
