run_at,screener,Symbole,Nom,Domaine,Pays,Cap,P/E,Prix,Var %
2026-10-02T20:35:40,Nouveaux plus-hauts 52 semaines (breakout) — 67 résultat(s),NNBR,NN Inc,Industrials,USA,385730000.0,,4.67,
2026-10-02T20:35:40,Nouveaux plus-hauts 52 semaines (breakout) — 67 résultat(s),AZTA,Azenta Inc,Healthcare,USA,1680000000.0,,38.26,
2026-10-02T20:35:40,Nouveaux plus-hauts 52 semaines (breakout) — 67 résultat(s),HPE,Hewlett Packard Enterprise Co,Technology,USA,92760000000.0,36.44,69.88,
2026-10-02T20:35:40,Nouveaux plus-hauts 52 semaines (breakout) — 67 résultat(s),ARW,Arrow Electronics Inc,Technology,USA,12500000000.0,15.69,245.56,
2026-10-02T20:35:40,Nouveaux plus-hauts 52 semaines (breakout) — 67 résultat(s),ASX,ASE Technology Holding CoLtd ADR,Technology,Taiwan,103970000000.0,55.33,47.29,
2026-10-02T20:35:40,Nouveaux plus-hauts 52 semaines (breakout) — 67 résultat(s),SMTC,Semtech Corp,Technology,USA,18390000000.0,131.0,197.08,
2026-10-02T20:35:40,Nouveaux plus-hauts 52 semaines (breakout) — 67 résultat(s),AVT,Avnet Inc,Technology,USA,8860000000.0,27.04,107.91,
2026-10-02T20:35:40,Nouveaux plus-hauts 52 semaines (breakout) — 67 résultat(s),NTAP,Netapp Inc,Technology,USA,44480000000.0,31.96,226.46,
2026-10-02T20:35:40,Nouveaux plus-hauts 52 semaines (breakout) — 67 résultat(s),COHU,Cohu Inc,Technology,USA,3500000000.0,,74.03,
2026-10-02T20:35:40,Nouveaux plus-hauts 52 semaines (breakout) — 67 résultat(s),AMDL,GraniteShares 2x Long AMD Daily ETF,Financial,USA,nan,,83.95,
2026-10-02T20:35:40,Nouveaux plus-hauts 52 semaines (breakout) — 67 résultat(s),P,Everpure Inc,Technology,USA,46590000000.0,190.75,139.8,
2026-10-02T20:35:40,Nouveaux plus-hauts 52 semaines (breakout) — 67 résultat(s),LITE,Lumentum Holdings Inc,Technology,USA,97320000000.0,,1084.92,
2026-10-02T20:35:40,Nouveaux plus-hauts 52 semaines (breakout) — 67 résultat(s),LIND,Lindblad Expeditions Holdings Inc,Consumer Cyclical,USA,2270000000.0,,34.65,
2026-10-02T20:35:40,Nouveaux plus-hauts 52 semaines (breakout) — 67 résultat(s),KEYS,Keysight Technologies Inc,Technology,USA,65360000000.0,52.88,383.94,
2026-10-02T20:35:40,Nouveaux plus-hauts 52 semaines (breakout) — 67 résultat(s),EWT,iShares MSCI Taiwan ETF,Financial,USA,nan,,115.71,
2026-10-02T20:35:40,Nouveaux plus-hauts 52 semaines (breakout) — 67 résultat(s),AMD,Advanced Micro Devices Inc,Technology,USA,1030339999999.9999,161.98,631.15,
2026-10-02T20:35:40,Nouveaux plus-hauts 52 semaines (breakout) — 67 résultat(s),RBRK,Rubrik Inc,Technology,USA,24480000000.0,,118.1,
2026-10-02T20:35:40,Nouveaux plus-hauts 52 semaines (breakout) — 67 résultat(s),FLTW,Franklin FTSE Taiwan ETF,Financial,USA,nan,,111.64,
2026-10-02T20:35:40,Nouveaux plus-hauts 52 semaines (breakout) — 67 résultat(s),XOVR,ERShares Private-Public Crossover ETF,Financial,USA,nan,,21.75,
2026-10-02T20:35:40,Nouveaux plus-hauts 52 semaines (breakout) — 67 résultat(s),S,SentinelOne Inc,Technology,USA,8770000000.0,,25.2,
2026-10-02T20:35:40,Nouveaux plus-hauts 52 semaines (breakout) — 67 résultat(s),TRMD,Torm Plc,Energy,United Kingdom,4059999999.9999995,6.52,39.58,
2026-10-02T20:35:40,Nouveaux plus-hauts 52 semaines (breakout) — 67 résultat(s),NAT,Nordic American Tankers Ltd,Energy,Bermuda,1760000000.0,14.25,8.31,
2026-10-02T20:35:40,Nouveaux plus-hauts 52 semaines (breakout) — 67 résultat(s),CDNA,Caredx Inc,Healthcare,USA,3480000000.0,32.45,67.32,
2026-10-02T20:35:40,Nouveaux plus-hauts 52 semaines (breakout) — 67 résultat(s),MSM,MSC Industrial Direct Co Inc,Industrials,USA,7290000000.0,31.6,130.57,
2026-10-02T20:35:40,Nouveaux plus-hauts 52 semaines (breakout) — 67 résultat(s),NVDA,NVIDIA Corp,Technology,USA,5648800000000.0,29.63,234.39,
2026-10-02T20:35:40,Nouveaux plus-hauts 52 semaines (breakout) — 67 résultat(s),BBJP,JPMorgan BetaBuilders Japan ETF,Financial,USA,nan,,79.46,
2026-10-02T20:35:40,Nouveaux plus-hauts 52 semaines (breakout) — 67 résultat(s),CVI,CVR Energy Inc,Energy,USA,5540000000.0,80.23,55.09,
2026-10-02T20:35:40,Nouveaux plus-hauts 52 semaines (breakout) — 67 résultat(s),FLJP,Franklin FTSE Japan ETF,Financial,USA,nan,,41.88,
2026-10-02T20:35:40,Nouveaux plus-hauts 52 semaines (breakout) — 67 résultat(s),EWJ,iShares MSCI Japan ETF,Financial,USA,nan,,98.67,
2026-10-02T20:35:40,Nouveaux plus-hauts 52 semaines (breakout) — 67 résultat(s),PANW,Palo Alto Networks Inc,Technology,USA,328030000000.0,782.46,401.01,
2026-10-02T20:35:40,Nouveaux plus-hauts 52 semaines (breakout) — 67 résultat(s),HAFN,Hafnia Ltd,Industrials,Singapore,5090000000.0,7.81,10.19,
2026-10-02T20:35:40,Nouveaux plus-hauts 52 semaines (breakout) — 67 résultat(s),BUG,Global X Cybersecurity ETF,Financial,USA,nan,,46.98,
2026-10-02T20:35:40,Nouveaux plus-hauts 52 semaines (breakout) — 67 résultat(s),RSPT,Invesco S&P 500 Equal Weight Technology ETF,Financial,USA,nan,,68.13,
2026-10-02T20:35:40,Nouveaux plus-hauts 52 semaines (breakout) — 67 résultat(s),FTNT,Fortinet Inc,Technology,USA,132460000000.00002,63.61,180.53,
2026-10-02T20:35:40,Nouveaux plus-hauts 52 semaines (breakout) — 67 résultat(s),IYW,iShares U.S. Technology ETF,Financial,USA,nan,,269.51,
2026-10-02T20:35:40,Nouveaux plus-hauts 52 semaines (breakout) — 67 résultat(s),VGT,Vanguard Information Technology ETF,Financial,USA,nan,,128.27,
2026-10-02T20:35:40,Nouveaux plus-hauts 52 semaines (breakout) — 67 résultat(s),VUG,Vanguard Morningstar Growth ETF,Financial,USA,nan,,91.1,
2026-10-02T20:35:40,Nouveaux plus-hauts 52 semaines (breakout) — 67 résultat(s),XLK,State Street Technology Select Sector SPDR ETF,Financial,USA,nan,,199.68,
2026-10-02T20:35:40,Nouveaux plus-hauts 52 semaines (breakout) — 67 résultat(s),CIBR,First Trust NASDAQ Cybersecurity ETF,Financial,USA,nan,,104.76,
2026-10-02T20:35:40,Nouveaux plus-hauts 52 semaines (breakout) — 67 résultat(s),IQQ,iShares Nasdaq 100 ETF,Financial,USA,nan,,25.33,
2026-10-02T20:35:40,Nouveaux plus-hauts 52 semaines (breakout) — 67 résultat(s),MGK,Vanguard Morningstar Mega Cap Growth ETF,Financial,USA,nan,,93.61,
2026-10-02T20:35:40,Nouveaux plus-hauts 52 semaines (breakout) — 67 résultat(s),QQQ,Invesco QQQ Trust Series 1,Financial,USA,nan,,748.6,
2026-10-02T20:35:40,Nouveaux plus-hauts 52 semaines (breakout) — 67 résultat(s),IVW,iShares S&P 500 Growth ETF,Financial,USA,nan,,143.79,
2026-10-02T20:35:40,Nouveaux plus-hauts 52 semaines (breakout) — 67 résultat(s),SPYG,State Street SPDR Portfolio S&P 500 Growth ETF,Financial,USA,nan,,124.48,
2026-10-02T20:35:40,Nouveaux plus-hauts 52 semaines (breakout) — 67 résultat(s),QNDX,State Street SPDR Portfolio Nasdaq 100 ETF,Financial,USA,nan,,25.36,
2026-10-02T20:35:40,Nouveaux plus-hauts 52 semaines (breakout) — 67 résultat(s),QQQM,Invesco NASDAQ 100 ETF,Financial,USA,nan,,308.24,
2026-10-02T20:35:40,Nouveaux plus-hauts 52 semaines (breakout) — 67 résultat(s),VOOG,Vanguard S&P 500 Growth ETF,Financial,USA,nan,,86.43,
2026-10-02T20:35:40,Nouveaux plus-hauts 52 semaines (breakout) — 67 résultat(s),SCHG,Schwab U.S. Large-Cap Growth ETF,Financial,USA,nan,,36.31,
2026-10-02T20:35:40,Nouveaux plus-hauts 52 semaines (breakout) — 67 résultat(s),CRWD,Crowdstrike Holdings Inc,Technology,USA,274640000000.0,7513.31,268.23,
2026-10-02T20:35:40,Nouveaux plus-hauts 52 semaines (breakout) — 67 résultat(s),BUFR,FT Vest Laddered Buffer ETF,Financial,USA,nan,,37.65,
2026-10-02T20:35:40,Nouveaux plus-hauts 52 semaines (breakout) — 67 résultat(s),QYLD,Global X NASDAQ 100 Covered Call ETF,Financial,USA,nan,,18.63,
2026-10-02T20:35:40,Nouveaux plus-hauts 52 semaines (breakout) — 67 résultat(s),CYRX,CryoPort Inc,Industrials,USA,881800000.0,,17.41,
2026-10-02T20:35:40,Nouveaux plus-hauts 52 semaines (breakout) — 67 résultat(s),BALT,Innovator Defined Wealth Shield ETF,Financial,USA,nan,,34.99,
2026-10-02T20:35:40,Nouveaux plus-hauts 52 semaines (breakout) — 67 résultat(s),DBMF,iMGP DBi Managed Futures Strategy ETF,Financial,USA,nan,,32.9,
2026-10-02T20:35:40,Nouveaux plus-hauts 52 semaines (breakout) — 67 résultat(s),OKTA,Okta Inc,Technology,USA,37210000000.0,128.59,212.85,
2026-10-02T20:35:40,Nouveaux plus-hauts 52 semaines (breakout) — 67 résultat(s),BOXX,Alpha Architect 1-3 Month Box ETF,Financial,USA,nan,,118.46,
2026-10-02T20:35:40,Nouveaux plus-hauts 52 semaines (breakout) — 67 résultat(s),ATKR,Atkore Inc,Industrials,USA,3200000000.0,,94.79,
2026-10-02T20:35:40,Nouveaux plus-hauts 52 semaines (breakout) — 67 résultat(s),LOVIU,Live Oak Acquisition Corp VI,Financial,USA,230230000.0,,10.01,
2026-10-02T20:35:40,Nouveaux plus-hauts 52 semaines (breakout) — 67 résultat(s),HLP,Hongli Group Inc,Basic Materials,China,189840000.0,96.21,2.54,
2026-10-02T20:35:40,Nouveaux plus-hauts 52 semaines (breakout) — 67 résultat(s),STRC,Strategy Inc - VR PRF PERPETUAL USD 100 - Ser A,Technology,USA,61640000000.0,,99.46,
2026-10-02T20:35:40,Nouveaux plus-hauts 52 semaines (breakout) — 67 résultat(s),INSW,International Seaways Inc,Energy,USA,5670000000.0,7.31,114.46,
2026-10-02T20:35:40,Nouveaux plus-hauts 52 semaines (breakout) — 67 résultat(s),MSBT,Morgan Stanley Bitcoin Trust,Financial,USA,nan,,24.21,
2026-10-02T20:35:40,Nouveaux plus-hauts 52 semaines (breakout) — 67 résultat(s),DT,Dynatrace Inc,Technology,USA,17040000000.0,117.19,58.97,
2026-10-02T20:35:40,Nouveaux plus-hauts 52 semaines (breakout) — 67 résultat(s),HNGE,Hinge Health Inc,Healthcare,USA,7860000000.0,74.97,97.35,
2026-10-02T20:35:40,Nouveaux plus-hauts 52 semaines (breakout) — 67 résultat(s),PBF,PBF Energy Inc,Energy,USA,9570000000.0,7.14,80.76,
2026-10-02T20:35:40,Nouveaux plus-hauts 52 semaines (breakout) — 67 résultat(s),FOSL,Fossil Group Inc,Consumer Cyclical,USA,393330000.0,,6.65,
2026-10-02T20:35:40,Nouveaux plus-hauts 52 semaines (breakout) — 67 résultat(s),PUBM,PubMatic Inc,Technology,USA,854520000.0,,18.76,
