date_T,horizon,dual_champions,dual_perf_med_%,univers_perf_med_%,dual_ecart_med_univers_pts,dual_ecart_indice_pts,dual_battent_indice_%
2024-04-01,12 mois,2,-1.6399095063916513,-0.3884434395400982,-1.2514660668515531,-38.70285770143006,0.0
2024-07-01,12 mois,5,20.655214310893612,9.69576411058215,-8.590414132298747,-11.463143332731077,40.0
2024-10-01,12 mois,8,26.381044328972592,7.1198991395037154,19.83245598539183,8.868114459378177,50.0
2025-01-02,12 mois,6,30.127069894387404,10.626699138366957,13.103866174284493,6.862336480963725,50.0
2025-04-01,12 mois,78,31.13271612198648,16.494340076607617,25.663282581099413,27.61474555966113,70.51282051282051
2025-07-01,12 mois,50,29.04130417545221,18.492204627548915,15.68998425030316,12.649504810126883,52.0
2024-04-01,6 mois,2,28.760892436907838,3.260866466677248,25.50002597023059,3.942327579251692,50.0
2024-07-01,6 mois,5,1.0242003441865544,2.4922822095978514,-5.864552925291842,-10.487613368362918,40.0
2024-10-01,6 mois,8,0.1912137092272781,-4.818093170167037,9.865752703608496,5.191899929085225,50.0
2025-01-02,6 mois,6,17.487310674469114,4.790086769961633,7.391218555121583,6.066163950618721,83.33333333333334
2025-04-01,6 mois,78,17.264535580465367,13.301015209067902,9.776747719471466,8.256300514617532,57.692307692307686
2025-07-01,6 mois,50,19.357250211029342,5.617337405193512,17.75638901209743,12.551677925345636,60.0
2025-10-01,6 mois,69,2.0761019102893075,-0.04034127396943532,7.896293705939891,8.769295866022391,55.072463768115945
2026-01-02,6 mois,49,-1.3309266587207325,8.626583498169438,-1.912060345968853,-3.0459488185528976,24.489795918367346
