profil,horizon,titres,dates,perf_moy_%,perf_med_%,ecart_med_univers_pts,ecart_indice_pts,battent_indice_%,gagnants_%
💎 Dual Champion*,12 mois,35,2,55.66676334341384,29.026419283791483,38.25911375780448,34.860611095706744,77.14285714285715,91.42857142857143
💎 Dual Champion,12 mois,85,2,32.65423274295825,30.80744194865883,15.54878115665094,17.236564321519545,63.52941176470588,67.05882352941175
🛡️  Pure Safe,12 mois,514,2,17.398793557792477,7.383892470232167,-0.1255739623938218,-0.8350088650787248,39.10505836575876,59.143968871595334
🚀 Pure Growth,12 mois,8,1,40.713687045229115,12.931160105980632,22.221482417680203,19.97767236561768,37.5,62.5
⚖️  Balanced,12 mois,131,2,36.58177355139612,26.175710535786934,19.30963887862051,18.86401873951167,54.961832061068705,69.46564885496184
⚪ Below,12 mois,1832,2,39.36978257505935,19.862900965884922,21.76091325660566,20.68354349291321,51.310043668122276,65.82969432314411
💎 Dual Champion*,6 mois,64,4,20.795689041248426,13.83065078228224,13.706064056228282,10.75132335167217,57.8125,70.3125
💎 Dual Champion,6 mois,169,4,14.329060839857402,11.916164394098704,7.391880274437926,6.384129580994505,52.071005917159766,61.53846153846154
🛡️  Pure Safe,6 mois,1380,4,7.437155995241573,4.495313170975179,1.64751909078928,-0.006770433811772937,43.47826086956522,57.68115942028985
🚀 Pure Growth,6 mois,28,3,-0.7892728624631248,2.0518373627330444,-4.5063700108043285,-6.193249006325557,42.857142857142854,50.0
⚖️  Balanced,6 mois,295,4,15.316025156344152,8.175146203504614,8.747762435478291,6.581210631413102,48.13559322033898,61.694915254237294
⚪ Below,6 mois,5484,4,12.437611065681189,5.598905071880944,6.909988528205965,4.9962764932098604,47.88475565280817,58.16921954777534
