date_T,ticker,nom,secteur,score_total,score_growth,score_safe,profil,G1_source,PER_calculable,G1,G1_ok,G2,G2_ok,G3,G3_ok,G4,G4_ok,G5,G5_ok,S1,S1_ok,S2,S2_ok,S3,S3_ok,S4,S4_ok,S5,S5_ok,S6,S6_ok,S7,S7_ok,dernier_cours
2026-10-02,STR.VI,STRABAG SE,Industrials,11,4,7,💎 Dual Champion,exercice,True,7.4,False,41.3,True,2,True,13.7,True,1.22,True,12.1,True,14.6,True,0.78,True,2.77,True,6.1,True,84.1,True,11.6,True,2026-09-29
2026-10-02,ACN,Accenture plc,Technology,10,3,7,💎 Dual Champion,trimestre,True,5.6,False,31.9,True,2,True,55.0,True,0.76,False,113.1,True,26.2,True,0.41,True,1.54,True,15.6,True,7.2,True,4.2,True,2026-10-01
2026-10-02,BRO,"Brown & Brown, Inc.",Financial Services,10,3,7,💎 Dual Champion,trimestre,True,32.4,True,49.1,True,2,True,-9.7,False,0.79,False,18.0,True,63.1,True,0.11,True,1.07,True,24.0,True,18.6,True,13.7,True,2026-10-01
2026-10-02,GTT.PA,GAZTRANSPORT & TECHNIGAZ,Energy,9,4,5,💎 Dual Champion,exercice,True,25.2,True,94.9,True,2,True,12.0,True,0.96,False,7.8,False,21.5,True,-0.33,False,4.27,True,47.7,True,47.7,True,42.6,True,2026-10-02
2026-10-02,NOW,"ServiceNow, Inc.",Technology,9,4,5,💎 Dual Champion,trimestre,True,24.0,True,77.5,True,2,True,27.6,True,0.64,False,124.0,True,18.5,True,1.18,False,0.0,False,34.1,True,27.8,True,47.9,True,2026-10-01
2026-10-02,OGC,OceanaGold Corporation,Basic Materials,9,4,5,💎 Dual Champion,trimestre,True,98.5,True,46.4,True,3,True,4.7,False,1.22,True,5.2,False,2.2,True,1.74,False,1.11,True,28.6,True,83.9,True,47.9,True,2026-10-01
2026-10-02,SB,"Safe Bulkers, Inc",Industrials,9,4,5,💎 Dual Champion,trimestre,True,33.0,True,35.9,True,1,False,33.8,True,1.4,True,0.8,False,65.0,True,0.44,True,2.07,True,21.9,True,20.1,True,-23.6,False,2026-10-01
2026-10-02,7751.T,CANON INC,Technology,9,3,6,💎 Dual Champion,exercice,True,2.5,False,46.7,True,2,True,12.8,True,0.79,False,21.7,True,27.1,True,0.16,True,3.42,True,4.6,False,42.4,True,10.2,True,2026-10-02
2026-10-02,AEM,Agnico Eagle Mines Limited,Basic Materials,9,3,6,💎 Dual Champion,trimestre,True,35.0,True,58.1,True,3,True,16.6,False,0.9,False,79.6,True,1.3,True,1.7,False,0.97,True,35.8,True,96.9,True,53.5,True,2026-10-01
2026-10-02,AU,AngloGold Ashanti PLC,Basic Materials,9,3,6,💎 Dual Champion,trimestre,True,27.0,True,35.7,True,3,True,12.1,False,0.94,False,41.5,True,32.5,True,1.94,False,4.8,True,15.2,True,54.1,True,53.5,True,2026-10-01
2026-10-02,B,Barrick Mining Corporation,Basic Materials,9,3,6,💎 Dual Champion,trimestre,True,43.8,True,51.3,True,3,True,5.2,False,0.9,False,57.4,True,19.6,True,1.73,False,2.36,True,22.8,True,107.6,True,72.8,True,2026-10-01
2026-10-02,CTSH,Cognizant Technology Solutions ,Technology,9,3,6,💎 Dual Champion,trimestre,True,5.8,False,33.7,True,2,True,47.2,True,0.68,False,25.1,True,7.7,True,0.78,True,2.14,True,12.3,True,5.1,True,2.0,False,2026-10-01
2026-10-02,FIS,Fidelity National Information S,Technology,9,3,6,💎 Dual Champion,trimestre,True,30.1,True,36.9,True,2,True,-19.8,False,0.98,False,14.9,True,95.9,True,0.71,True,5.2,True,17.1,True,42.9,True,3.2,False,2026-10-01
2026-10-02,G24.DE,Scout24 SE                    N,Communication Services,9,3,6,💎 Dual Champion,trimestre,True,20.0,False,99.5,True,3,True,-8.1,False,1.36,True,4.7,False,10.1,True,0.56,True,2.22,True,40.6,True,25.8,True,20.6,True,2026-10-02
2026-10-02,GFI,Gold Fields Limited,Basic Materials,9,3,6,💎 Dual Champion,exercice,True,68.2,True,55.3,True,3,True,3.4,False,1.02,False,27.7,True,38.2,True,2.09,False,6.86,True,27.1,True,97.1,True,49.2,True,2026-10-01
2026-10-02,GOOG,Alphabet Inc.,Communication Services,9,3,6,💎 Dual Champion,trimestre,True,24.2,True,59.7,True,2,True,-8.2,False,0.84,False,1611.1,True,14.3,True,1.63,False,0.26,True,18.2,True,6.9,True,22.9,True,2026-10-01
2026-10-02,GOOGL,Alphabet Inc.,Communication Services,9,3,6,💎 Dual Champion,trimestre,True,24.2,True,59.7,True,2,True,-7.7,False,0.86,False,1727.1,True,14.3,True,1.63,False,0.25,True,18.2,True,6.9,True,22.9,True,2026-10-01
2026-10-02,HEI.DE,Heidelberg Materials AG       I,Basic Materials,9,3,6,💎 Dual Champion,exercice,True,1.4,False,64.2,True,3,True,-16.4,False,1.22,True,25.6,True,44.7,True,0.78,True,2.47,True,8.6,True,19.3,True,4.7,False,2026-10-02
2026-10-02,HLN,Haleon plc,Healthcare,9,3,6,💎 Dual Champion,exercice,True,-1.8,False,64.2,True,2,True,-10.3,False,1.42,True,33.4,True,52.3,True,0.05,True,2.24,True,20.1,True,8.6,True,8.8,False,2026-10-01
2026-10-02,INCY,Incyte Corporation,Healthcare,9,3,6,💎 Dual Champion,trimestre,True,20.9,True,92.8,True,2,True,1.3,False,0.82,False,20.4,True,0.8,True,0.24,True,0.0,False,25.9,True,14.2,True,38.2,True,2026-10-01
2026-10-02,NBIX,"Neurocrine Biosciences, Inc.",Healthcare,9,3,6,💎 Dual Champion,trimestre,True,39.5,True,98.2,True,2,True,-19.2,False,0.97,False,12.4,True,12.8,True,0.5,True,0.0,False,26.2,True,32.3,True,34.2,True,2026-10-01
2026-10-02,NVDA,NVIDIA Corporation,Technology,9,3,6,💎 Dual Champion,trimestre,True,105.9,True,71.1,True,1,False,18.1,True,0.91,False,4851.6,True,7.0,True,1.61,False,0.22,True,44.8,True,193.8,True,153.3,True,2026-10-01
2026-10-02,SCCO,Southern Copper Corporation,Basic Materials,9,3,6,💎 Dual Champion,trimestre,True,39.0,True,53.6,True,0,False,16.0,True,0.91,False,143.2,True,67.2,True,1.94,False,1.96,True,25.5,True,22.7,True,13.9,True,2026-10-01
2026-10-02,4507.T,SHIONOGI & CO,Healthcare,9,2,7,🛡️  Pure Safe,exercice,True,14.0,False,83.5,True,2,True,2.3,False,0.94,False,13.5,True,40.6,True,0.08,True,2.66,True,36.5,True,9.0,True,11.5,True,2026-10-02
2026-10-02,AJG,Arthur J. Gallagher & Co.,Financial Services,9,2,7,🛡️  Pure Safe,trimestre,True,33.6,True,42.6,True,1,False,-7.2,False,0.93,False,51.8,True,57.8,True,0.24,True,1.19,True,12.8,True,13.9,True,10.6,True,2026-10-01
2026-10-02,ALC,Alcon Inc.,Healthcare,9,2,7,🛡️  Pure Safe,trimestre,True,8.6,False,55.2,True,2,True,-6.4,False,0.81,False,27.1,True,2.3,True,0.67,True,0.56,True,15.5,True,50.5,True,22.6,True,2026-10-01
2026-10-02,CW,Curtiss-Wright Corporation,Industrials,9,2,7,🛡️  Pure Safe,trimestre,True,14.9,False,37.2,True,1,False,-31.3,False,1.31,True,17.5,True,46.1,True,0.74,True,0.18,True,15.8,True,29.2,True,15.0,True,2026-10-01
2026-10-02,DB1.DE,DEUTSCHE BOERSE AG            N,Financial Services,9,2,7,🛡️  Pure Safe,trimestre,True,11.7,False,57.0,True,0,False,10.4,True,0.97,False,51.7,True,71.9,True,0.26,True,1.46,True,32.9,True,4.0,True,11.3,True,2026-10-02
2026-10-02,ICE,Intercontinental Exchange Inc.,Financial Services,9,2,7,🛡️  Pure Safe,trimestre,True,13.5,False,56.2,True,2,True,12.3,False,0.75,False,74.5,True,70.1,True,0.52,True,1.35,True,30.6,True,8.0,True,20.1,True,2026-10-01
2026-10-02,INTU,Intuit Inc.,Technology,9,2,7,🛡️  Pure Safe,trimestre,True,13.7,False,79.6,True,3,True,3.9,False,0.86,False,65.8,True,33.7,True,0.29,True,1.7,True,32.3,True,18.4,True,18.7,True,2026-10-01
2026-10-02,NVS,Novartis AG,Healthcare,9,2,7,🛡️  Pure Safe,trimestre,True,0.8,False,75.8,True,2,True,-9.3,False,1.12,False,233.3,True,76.7,True,0.24,True,3.38,True,26.9,True,8.3,True,20.2,True,2026-10-01
2026-10-02,PYPL,"PayPal Holdings, Inc.",Financial Services,9,2,7,🛡️  Pure Safe,trimestre,True,4.8,False,46.6,True,3,True,17.7,False,0.86,False,39.8,True,49.3,True,0.65,True,1.06,True,16.8,True,2.9,True,21.9,True,2026-10-01
2026-10-02,RMD,ResMed Inc.,Healthcare,9,2,7,🛡️  Pure Safe,trimestre,True,8.6,False,61.1,True,2,True,1.3,False,0.89,False,27.8,True,12.5,True,0.25,True,1.11,True,28.8,True,70.0,True,13.2,True,2026-10-01
2026-10-02,SBS,Companhia de saneamento Basico ,Utilities,9,2,7,🛡️  Pure Safe,trimestre,False,43.9,True,37.0,True,1,False,-9.5,False,1.17,False,16.5,True,94.7,True,0.49,True,0.6,True,21.9,True,29.0,True,30.4,True,2026-10-01
2026-10-02,TRI.TO,THOMSON REUTERS CORPORATION,Industrials,9,2,7,🛡️  Pure Safe,trimestre,True,9.5,False,75.8,True,1,False,13.3,True,0.87,False,38.2,True,19.9,True,0.5,True,3.88,True,27.0,True,15.2,True,3.9,True,2026-10-01
2026-10-02,TW,Tradeweb Markets Inc.,Financial Services,9,2,7,🛡️  Pure Safe,trimestre,True,9.0,False,67.3,True,2,True,0.9,False,0.8,False,10.4,True,2.1,True,0.24,True,0.52,True,51.9,True,22.9,True,28.3,True,2026-10-01
2026-10-02,VICI,VICI Properties Inc.,Real Estate,9,2,7,🛡️  Pure Safe,trimestre,True,3.8,False,99.3,True,3,True,-14.9,False,1.02,False,21.3,True,63.6,True,0.45,True,7.96,True,62.6,True,8.9,True,21.3,True,2026-10-01
2026-10-02,WELL,Welltower Inc.,Real Estate,9,2,7,🛡️  Pure Safe,trimestre,True,41.2,True,39.2,True,0,False,-2.5,False,0.84,False,139.1,True,50.7,True,0.11,True,1.35,True,26.7,True,29.9,True,44.7,True,2026-10-01
2026-10-02,XYL,Xylem Inc.,Industrials,9,2,7,🛡️  Pure Safe,trimestre,True,2.7,False,38.5,True,2,True,-15.5,False,1.18,False,20.9,True,18.0,True,0.46,True,1.68,True,10.1,True,32.9,True,21.9,True,2026-10-01
2026-10-02,ZBH,"Zimmer Biomet Holdings, Inc.",Healthcare,9,2,7,🛡️  Pure Safe,trimestre,True,9.3,False,69.7,True,2,True,-1.9,False,0.86,False,14.8,True,59.2,True,0.57,True,1.09,True,17.3,True,10.0,True,26.8,True,2026-10-01
2026-10-02,ECO,Okeanis Eco Tankers Corp.,Industrials,8,4,4,⚖️  Balanced,trimestre,True,239.4,True,46.7,True,2,True,60.7,False,1.23,True,2.9,False,105.6,False,0.48,True,10.26,True,18.2,True,,False,12.9,True,2026-10-01
2026-10-02,ELF,"e.l.f. Beauty, Inc.",Consumer Defensive,8,4,4,⚖️  Balanced,trimestre,True,37.8,True,71.2,True,2,True,41.6,True,0.57,False,5.3,False,41.1,True,2.61,False,0.0,False,8.8,True,98.7,True,58.4,True,2026-10-01
2026-10-02,FICO,Fair Isaac Corporation,Technology,8,4,4,⚖️  Balanced,trimestre,True,25.7,True,82.2,True,3,True,-48.6,False,1.53,True,12.4,True,,False,1.04,False,0.0,False,37.1,True,13.7,True,18.1,True,2026-10-01
2026-10-02,FPE.DE,FUCHS SE                      N,Basic Materials,8,4,4,⚖️  Balanced,trimestre,True,21.5,True,34.9,True,1,False,11.1,True,1.43,True,2.4,False,,False,0.35,True,3.29,True,8.8,True,34.9,True,4.5,False,2026-09-29
2026-10-02,GEN,Gen Digital Inc.,Technology,8,4,4,⚖️  Balanced,trimestre,True,27.0,True,78.5,True,2,True,-16.4,False,1.37,True,11.6,True,316.4,False,1.07,False,2.25,True,30.5,True,12.0,True,2.9,False,2026-10-01
2026-10-02,KMDA,Kamada Ltd.,Healthcare,8,4,4,⚖️  Balanced,trimestre,True,22.7,True,42.3,True,1,False,9.5,True,1.57,True,0.4,False,4.3,True,0.65,True,5.12,True,8.7,True,-14.2,False,11.7,False,2026-10-01
2026-10-02,PBR,Petroleo Brasileiro S.A. Petrob,Energy,8,4,4,⚖️  Balanced,trimestre,True,486.9,True,47.6,True,1,False,29.0,True,1.27,True,67.9,True,92.4,True,-0.92,False,3.8,True,18.4,True,-25.3,False,-13.9,False,2026-10-01
2026-10-02,TRMD,TORM plc,Energy,8,4,4,⚖️  Balanced,trimestre,False,22.2,True,52.5,True,0,False,38.6,True,1.62,True,3.5,False,45.5,True,0.29,True,11.39,True,14.1,True,-21.0,False,-13.8,False,2026-10-01
2026-10-02,VCTR,"Victory Capital Holdings, Inc. ",Financial Services,8,4,4,⚖️  Balanced,trimestre,True,76.7,True,54.4,True,0,False,23.1,True,1.21,True,6.1,False,40.0,True,0.91,False,1.77,True,29.2,True,4.9,True,8.7,False,2026-10-01
2026-10-02,XTB.WA,XTB,Financial Services,8,4,4,⚖️  Balanced,trimestre,True,28.7,True,79.5,True,2,True,20.6,False,1.26,True,4.1,False,1.3,True,1.06,False,2.78,True,28.0,True,-19.5,False,32.9,True,2026-10-02
2026-10-02,2388.HK,BOC HONG KONG,Financial Services,8,3,5,💎 Dual Champion,exercice,True,23.8,True,,False,2,True,21.6,True,0.9,False,61.3,True,24.7,True,0.69,True,4.52,True,-99.6,False,,False,17.2,True,2026-10-02
2026-10-02,AGI,Alamos Gold Inc.,Basic Materials,8,3,5,💎 Dual Champion,trimestre,True,35.6,True,55.2,True,3,True,1.0,False,0.86,False,11.6,True,5.0,True,1.78,False,0.38,True,15.0,True,,False,107.9,True,2026-10-01
2026-10-02,AGI.TO,ALAMOS GOLD INC CLS A,Basic Materials,8,3,5,💎 Dual Champion,trimestre,True,53.1,True,55.2,True,3,True,-2.0,False,0.87,False,11.9,True,5.0,True,3.56,False,0.44,True,15.0,True,,False,107.9,True,2026-10-01
2026-10-02,APH,Amphenol Corporation,Technology,8,3,5,💎 Dual Champion,trimestre,True,49.1,True,36.9,True,2,True,2.7,False,0.81,False,91.9,True,115.6,False,1.5,False,0.58,True,19.0,True,34.7,True,26.0,True,2026-10-01
2026-10-02,APO,"Apollo Global Management, Inc. ",Financial Services,8,3,5,💎 Dual Champion,trimestre,True,86.7,True,95.5,True,2,True,-6.4,False,0.74,False,57.4,True,57.3,True,1.12,False,1.88,True,22.6,True,24.1,True,21.5,False,2026-10-01
2026-10-02,BTG,B2Gold Corp,Basic Materials,8,3,5,💎 Dual Champion,trimestre,True,110.9,True,50.0,True,1,False,27.7,True,1.1,False,6.0,False,16.6,True,2.86,False,1.16,True,29.3,True,19.8,True,13.1,True,2026-10-01
2026-10-02,CTVA,"Corteva, Inc.",Basic Materials,8,3,5,💎 Dual Champion,trimestre,True,11.0,False,47.3,True,2,True,-85.4,False,1.42,True,7.3,False,10.7,True,0.43,True,5.73,True,16.2,True,119.2,True,0.2,False,2026-10-01
2026-10-02,DLO,DLocal Limited,Technology,8,3,5,💎 Dual Champion,trimestre,True,55.8,True,36.8,True,2,True,-10.0,False,0.79,False,2.1,False,15.9,True,1.29,False,1.41,True,34.6,True,38.6,True,26.8,True,2026-10-01
2026-10-02,EQT,EQT Corporation,Energy,8,3,5,💎 Dual Champion,trimestre,True,49.5,True,43.2,True,2,True,-3.1,False,1.0,False,27.3,True,33.1,True,-0.48,False,1.32,True,34.0,True,11.2,True,-10.3,False,2026-10-01
2026-10-02,EZPW,"EZCORP, Inc.",Financial Services,8,3,5,💎 Dual Champion,trimestre,True,45.9,True,58.5,True,2,True,-14.8,False,0.87,False,1.5,False,74.5,True,0.77,True,0.0,False,8.7,True,47.2,True,19.7,True,2026-10-01
2026-10-02,GDDY,GoDaddy Inc.,Technology,8,3,5,💎 Dual Champion,trimestre,True,6.1,False,63.6,True,3,True,13.3,True,0.95,False,11.2,True,1795.7,False,0.69,True,0.0,False,31.8,True,19.7,True,24.1,True,2026-10-01
2026-10-02,GMAB,Genmab A/S,Healthcare,8,3,5,💎 Dual Champion,trimestre,True,24.9,True,93.6,True,1,False,23.3,True,1.15,False,18.5,True,92.8,True,1.01,False,0.0,False,30.4,True,29.8,True,14.9,True,2026-10-01
2026-10-02,HAFN,Hafnia Limited,Industrials,8,3,5,💎 Dual Champion,trimestre,True,47.2,True,19.2,False,1,False,41.6,True,1.35,True,4.4,False,48.2,True,0.21,True,12.78,True,20.0,True,12.2,True,-9.2,False,2026-10-01
2026-10-02,KCR.HE,Konecranes Plc,Industrials,8,3,5,💎 Dual Champion,trimestre,True,-3.1,False,56.9,True,2,True,15.2,True,1.03,False,7.2,False,22.5,True,1.63,False,7.39,True,12.5,True,186.9,True,24.5,True,2026-10-02
2026-10-02,KGC,Kinross Gold Corporation,Basic Materials,8,3,5,💎 Dual Champion,trimestre,True,29.5,True,52.7,True,2,True,-2.7,False,0.98,False,24.8,True,8.6,True,1.85,False,0.5,True,36.4,True,107.8,True,26.8,False,2026-10-01
2026-10-02,LTC,"LTC Properties, Inc.",Real Estate,8,3,5,💎 Dual Champion,trimestre,True,60.3,True,75.3,True,1,False,10.1,True,0.98,False,2.0,False,78.3,True,0.13,True,5.34,True,51.7,True,8.8,True,7.5,False,2026-10-01
2026-10-02,MNSO,MINISO Group Holding Limited,Consumer Cyclical,8,3,5,💎 Dual Champion,trimestre,False,28.5,True,45.0,True,1,False,-23.3,False,1.23,True,2.4,False,102.0,False,0.46,True,4.12,True,7.4,True,88.3,True,21.9,True,2026-10-01
2026-10-02,N9B.MU,BANDAI NAMCO Holdings Inc.    R,,8,3,5,💎 Dual Champion,exercice,True,8.6,False,39.4,True,2,True,45.7,True,0.49,False,,False,1.4,True,0.49,True,0.0,False,8.8,True,5.9,True,11.2,True,2026-10-02
2026-10-02,NICE,NICE Ltd,Technology,8,3,5,💎 Dual Champion,trimestre,True,9.0,False,66.4,True,2,True,19.9,True,0.83,False,5.9,False,2.3,True,0.79,True,0.0,False,21.1,True,16.1,True,22.4,True,2026-10-01
2026-10-02,NYT,New York Times Company (The),Communication Services,8,3,5,💎 Dual Champion,trimestre,True,10.4,False,50.8,True,2,True,-13.0,False,1.29,True,8.9,False,1.8,True,-0.54,False,1.29,True,19.5,True,69.1,True,16.6,True,2026-10-01
2026-10-02,P,"Everpure, Inc.",Technology,8,3,5,💎 Dual Champion,trimestre,True,37.7,True,70.4,True,0,False,72.6,False,1.45,True,38.9,True,15.0,True,2.21,False,0.0,False,16.8,True,0.4,True,21.8,True,2026-10-01
2026-10-02,RMBS,"Rambus, Inc.",Technology,8,3,5,💎 Dual Champion,trimestre,True,20.4,True,79.6,True,2,True,-5.3,False,0.84,False,10.1,True,1.8,True,2.68,False,0.0,False,47.1,True,16.6,True,66.7,True,2026-10-01
2026-10-02,RTO,Rentokil Initial plc,Industrials,8,3,5,💎 Dual Champion,exercice,True,4.4,False,83.1,True,2,True,-33.8,False,1.33,True,8.7,False,111.5,False,0.56,True,3.21,True,10.2,True,12.3,True,12.7,True,2026-10-01
2026-10-02,SSRM,SSR Mining Inc.,Basic Materials,8,3,5,💎 Dual Champion,trimestre,True,83.7,True,52.8,True,2,True,9.1,False,0.85,False,6.0,False,10.8,True,2.19,False,0.09,True,14.8,True,117.8,True,20.0,True,2026-10-01
2026-10-02,TEL,TE Connectivity plc,Technology,8,3,5,💎 Dual Champion,trimestre,True,21.7,True,35.2,True,1,False,8.8,True,0.84,False,55.3,True,46.2,True,1.37,False,1.04,True,18.6,True,23.5,True,-2.1,False,2026-10-01
2026-10-02,TER,"Teradyne, Inc.",Technology,8,3,5,💎 Dual Champion,trimestre,True,103.9,True,58.2,True,0,False,9.6,True,0.66,False,56.6,True,10.1,True,1.77,False,0.12,True,14.1,True,2.8,True,-3.0,False,2026-10-01
2026-10-02,TFPM,Triple Flag Precious Metals Cor,Basic Materials,8,3,5,💎 Dual Champion,trimestre,True,78.7,True,67.6,True,2,True,1.2,False,0.87,False,5.5,False,0.1,True,1.24,False,0.58,True,24.2,True,12.5,True,43.4,True,2026-10-01
2026-10-02,UHS,"Universal Health Services, Inc.",Healthcare,8,3,5,💎 Dual Champion,trimestre,True,9.1,False,90.4,True,3,True,10.8,True,0.79,False,8.2,False,71.0,True,0.3,True,0.46,True,4.7,False,46.5,True,22.6,True,2026-10-01
2026-10-02,UTHR,United Therapeutics Corporation,Healthcare,8,3,5,💎 Dual Champion,trimestre,True,7.4,False,87.9,True,2,True,4.4,False,1.29,True,21.1,True,,False,0.1,True,0.0,False,32.5,True,16.0,True,20.5,True,2026-10-01
2026-10-02,VRT,"Vertiv Holdings, LLC",Industrials,8,3,5,💎 Dual Champion,trimestre,True,24.1,True,36.3,True,2,True,-22.7,False,0.85,False,82.5,True,81.9,True,1.59,False,0.1,True,18.4,True,,False,180.8,True,2026-10-01
2026-10-02,ZS,"Zscaler, Inc.",Technology,8,3,5,💎 Dual Champion,trimestre,False,24.9,True,76.9,True,1,False,32.1,True,0.84,False,28.2,True,99.9,True,0.58,True,0.0,False,27.2,True,46.4,True,34.8,False,2026-10-01
2026-10-02,ZTO,ZTO Express (Cayman) Inc.,Industrials,8,3,5,💎 Dual Champion,trimestre,False,23.0,True,31.0,True,1,False,-15.8,False,1.36,True,9.3,False,27.9,True,0.34,True,2.01,True,12.5,True,,False,11.8,True,2026-10-01
2026-10-02,EHLD,Euroholdings Ltd.,Industrials,7,5,2,🚀 Pure Growth,trimestre,True,166.0,True,51.0,True,2,True,34.6,True,1.53,True,0.0,False,98.8,True,-0.05,False,5.18,True,-212.0,False,,False,-8.4,False,2026-10-01
2026-10-02,AEO,"American Eagle Outfitters, Inc.",Consumer Cyclical,7,4,3,⚖️  Balanced,trimestre,True,9.7,False,36.5,True,3,True,8.9,True,1.23,True,2.6,False,100.4,False,1.48,False,2.78,True,3.5,False,10.2,True,11.5,True,2026-10-01
2026-10-02,ANF,Abercrombie & Fitch Company,Consumer Cyclical,7,4,3,⚖️  Balanced,trimestre,True,5.4,False,61.5,True,2,True,51.9,True,1.35,True,5.3,False,83.2,True,1.83,False,0.0,False,7.2,True,,False,253.0,True,2026-10-01
2026-10-02,DUOL,"Duolingo, Inc.",Technology,7,4,3,⚖️  Balanced,trimestre,True,26.5,True,72.2,True,2,True,13.0,True,0.86,False,5.1,False,7.0,True,1.15,False,0.0,False,34.7,True,102.3,True,41.1,False,2026-10-01
2026-10-02,TEN,Tsakos Energy Navigation Ltd,Energy,7,4,3,⚖️  Balanced,trimestre,True,28.4,True,35.3,True,1,False,29.4,True,1.39,True,1.3,False,98.3,True,0.2,True,2.04,True,-28.1,False,,False,-6.0,False,2026-10-01
2026-10-02,CAI,"Caris Life Sciences, Inc.",Healthcare,6,4,2,🚀 Pure Growth,exercice,False,97.0,True,66.4,True,0,False,59.2,True,1.26,True,7.0,False,74.1,True,2.39,False,0.0,False,8.2,True,,False,46.4,False,2026-10-01
2026-10-02,LUXE,LuxExperience B.V.,Consumer Cyclical,6,4,2,🚀 Pure Growth,trimestre,False,155.0,True,45.7,True,0,False,26.3,True,1.37,True,1.2,False,11.4,True,0.37,True,0.0,False,-0.2,False,,False,10.6,False,2026-10-01
2026-10-02,DKS,Dick's Sporting Goods Inc,Consumer Cyclical,5,4,1,🚀 Pure Growth,trimestre,True,62.7,True,32.9,True,2,True,-42.0,False,1.96,True,7.6,False,139.8,False,1.46,False,3.74,True,2.3,False,-10.5,False,4.5,False,2026-10-01
2026-10-02,TRX,TRX Gold Corporation,Basic Materials,5,4,1,🚀 Pure Growth,trimestre,False,163.3,True,41.5,True,1,False,41.0,True,1.37,True,0.3,False,4.9,True,1.69,False,0.0,False,4.5,False,,False,56.3,False,2026-10-01
2026-10-02,XERS,"Xeris Biopharma Holdings, Inc.",Healthcare,5,4,1,🚀 Pure Growth,trimestre,True,38.3,True,85.4,True,0,False,10.5,True,1.21,True,1.4,False,1885.4,False,1.45,False,0.0,False,9.6,True,,False,38.3,False,2026-10-01
2026-10-02,ZTG,Zenta Group Company Limited,Industrials,5,4,1,🚀 Pure Growth,exercice,True,55.9,True,78.1,True,2,True,-52.0,False,2.53,True,0.0,False,1.1,True,6.93,False,0.0,False,-122.5,False,,False,164.0,False,2026-10-01
2026-10-02,NVAX,"Novavax, Inc.",Healthcare,4,4,0,🚀 Pure Growth,trimestre,True,66.6,True,93.5,True,1,False,13.4,True,1.21,True,1.5,False,,False,2.26,False,0.0,False,-22.3,False,,False,-11.1,False,2026-10-01
